feature_1,feature_2,feature_3,feature_4,cluster_id
0.05979350835173036,0.08499796053022535,0.2287451783619867,0.6993424833061528,1
0.18802980859678753,0.1697529874339226,0.12964099131488027,0.747388870812931,1
0.3330152072925604,0.7228059547973114,0.7658220473372231,0.52173152391221,0
0.36997176901648055,0.864379422702072,0.7832469466711564,0.42776219261398507,0
0.181384321814332,0.09448501261196685,0.09704977261431835,0.7968051367904965,1
0.31293780436638463,0.8161960188631594,0.8620070192296718,0.5314465249305935,0
0.8259684475906222,0.138075879133719,0.3350365119176712,0.09567317549143983,3
0.06807164892014311,0.14158998001433448,0.20028709208500595,0.7476935476395066,1
0.566043400962721,0.6792911116306923,0.06768558915538214,0.8594196630466286,2
0.5760816132138209,0.6133187855194427,0.26241437009201113,0.7724814905033093,2
0.28304034933582745,0.8112748041784872,0.8281579735855604,0.45116247073564825,0
0.42910071418171,0.8706863784126775,0.8483648519676186,0.4581774371716603,0
0.466607930187332,0.8754485457791585,0.769063066790224,0.46552487120097996,0
0.9024164705397526,0.25012878380388376,0.4510548000241157,0.061610602600608744,3
0.5342992959822869,0.6252757465863517,0.19196015097578029,0.7995211634863137,2
0.8889928913051092,0.19865914085879685,0.2926290231449161,0.0857353625950315,3
0.16280734188540985,0.15002616502138677,0.07800293089700794,0.7045005256191105,1
0.389975587271139,0.8902946623273491,0.7969089111909957,0.518373382580567,0
0.7998328898901836,0.1463278809861953,0.3419123048474049,0.050400009281492186,3
0.4170840242858928,0.8410877600552775,0.8623253930117989,0.4687924202492728,0
0.37340959275412366,0.774598823886794,0.8917772539997215,0.47904229648232594,0
0.12684938079036268,0.14051829228072965,0.19462927239197214,0.758144003175689,1
0.24845162000871315,0.9047723937109011,0.8559679327235675,0.4830247935206948,0
0.36050081844768056,0.7918148636503779,0.9218655732479877,0.5117286752881233,0
0.04892454251030948,0.10900050853191035,0.243829383302831,0.7674018038342754,1
0.551720333525184,0.5740270197897342,0.17244938924500702,0.8139434908033383,2
0.13263756245452757,0.15130019196048033,0.16491641118893968,0.7509766962741848,1
0.6050074501974767,0.5606960842208688,0.14757412583888935,0.8156851284078022,2
0.6808630590418231,0.1611210301226184,0.240591193744303,0.03867986429575904,3
0.49425514849357616,0.6429042973278326,0.09888119248521399,0.7689726801829345,2
0.5800499842340848,0.6813328311021032,0.05038901044907573,0.78528261224035,2
0.7747669509669767,0.11244884669269606,0.2556164637953825,0.16617063457768244,3
0.5969177601316322,0.6839453697834215,0.06855945640379513,0.7564249614222389,2
0.8929762680896642,0.14997024960993094,0.2950209608441016,0.11465810114463482,3
0.8524926196756506,0.18346253501128554,0.2888603248903685,0.05836822391574653,3
0.6144386624563763,0.6499361556162682,0.1537814829984966,0.8983142298636593,2
0.6205126608654132,0.5565570827600923,0.1552009506637504,0.7528222622161573,2
0.2609603348181379,0.7733417948083486,0.813989923618616,0.4885704633379775,0
0.5349701956223152,0.6548519846396212,0.1394211066470048,0.8476804936004985,2
0.5797698915210169,0.5716225083046473,0.0021033399272885056,0.8140698616853587,2
0.345086957001496,0.8456229361845906,0.9195939953124912,0.4639878449220368,0
0.8115927092182071,0.15940778746317508,0.2687610621000683,0.05566585784155215,3
0.5353221950690512,0.5790833566984628,0.2789025755045906,0.8789044629355071,2
0.8271738892109921,0.20188974833395296,0.3404410291748691,0.1096629639583589,3
0.1200830582102817,0.1221740907050955,0.1706573896334344,0.7223685287153938,1
0.031435406453070525,0.13732705673116108,0.16851759807404226,0.692108323093124,1
0.1697425168625712,0.002107139133179059,0.2261512618385743,0.6504438196462734,1
0.8244267671797091,0.19125940375512773,0.26640453742444326,0.1734097167380871,3
0.08013516906617263,0.14661477500300635,0.27204278930215625,0.6807985980916422,1
0.5430355631416743,0.5860448154328762,0.1454655883016075,0.8142368919691028,2
0.841106657019246,0.23523098640870152,0.322188626266464,0.09372202308741856,3
0.6176125796579741,0.6177341286698709,0.13114558888792083,0.7928772076948903,2
0.599935869980722,0.6376962101823638,0.18690973140738287,0.8881086825428746,2
0.5889129385650725,0.6907944067654925,0.19341322470965,0.8198963998245938,2
0.13609119513984064,0.15226261979549166,0.17064689178655051,0.8055531519729098,1
0.7805562008067737,0.1651251561992479,0.3527540620886737,0.1527471297801734,3
0.048615063769129496,0.10454280368248026,0.2083472353580217,0.6723649268127663,1
0.0730161644988111,0.11393381347544168,0.22938219364838197,0.7354066843197902,1
0.3227232416873618,0.808338844379453,0.8156183798288295,0.4483755725474295,0
0.6090189480138772,0.6294983723264553,0.15435877996632003,0.7533520574004868,2
0.6269297184988387,0.6682006974671227,0.04146524596647716,0.8371314610021618,2
0.5848099738760737,0.6520167046570959,0.10885534359588711,0.7501455686781158,2
0.07502075109217426,0.08074996963554115,0.2161841440860508,0.8062559258385072,1
0.4480981304288745,0.8477369816130181,0.782044952670204,0.5288416305585764,0
0.5681125441035455,0.6796813153013095,0.14720088758935573,0.8362654325689665,2
0.590410127688932,0.6078359633145064,0.1421064474457302,0.806009080830596,2
0.5724699392893589,0.6218684394243648,0.04158338757671365,0.8411506251002926,2
0.18682836027608024,0.21439388806198245,0.1067056579908282,0.7514372051640037,1
0.7750370299461641,0.21453943517415144,0.33864190106887365,0.042543007219413176,3
0.097387703197163,0.13650181553492385,0.1311681194856653,0.6693965094869541,1
0.3158418722802117,0.8156285621104764,0.8862271446259697,0.4318080595208908,0
0.31381981082429183,0.840613730534004,0.8576729510720509,0.464499358855107,0
0.8814431178451124,0.17995580587980392,0.3042545181956515,0.16086082116610134,3
0.6025118257853643,0.593823837411338,0.17132679736563883,0.778732387738456,2
0.36828929817973055,0.8875791315092548,0.7646377735590488,0.4957300420684937,0
0.4584385960494329,0.831409113746349,0.810227889400039,0.4970552700835258,0
0.5971273062018068,0.6413454107368893,0.23005319644993072,0.7520573820867291,2
0.8103202866283485,0.21801605380118327,0.3197510186073888,0.13168238481757494,3
0.06609109336125962,0.063236157065854,0.17972964986889206,0.776292482951207,1
0.5339570630329361,0.6264223664128981,0.15581293828416315,0.8741840050688969,2
0.9182258003985958,0.24494510855978868,0.3296947318365444,0.1928097012778684,3
0.1694509679820727,0.18209243188957835,0.163427039685139,0.7198093092224092,1
0.6158485416213436,0.6827081904784275,0.08313363255609008,0.9016049750043647,2
0.38321265813481453,0.9999999999999999,0.8740417571158992,0.5386728348078289,0
0.3524851374833905,0.8449180681450458,0.8592662299803363,0.5247467032356695,0
0.331183442264521,0.8107486961640709,0.86518053190697,0.4683811372071181,0
0.4548593790765914,0.6156850452169583,0.14725494780272808,0.8644352060543422,2
0.12827012314101166,0.20617533428325582,0.25189011042689596,0.7083650916894182,1
0.130954696797142,0.1902752787231742,0.16445724374583442,0.7494354385320564,1
0.11089030856532545,0.0784593678299117,0.10343455390097778,0.7814283074594754,1
0.11625582721577926,0.11923596301652373,0.1648610415113102,0.7273260343866119,1
0.5916596807145547,0.6420870741517808,0.05827645584820362,0.719003991671963,2
0.8621144877512391,0.14513631238523822,0.22167109907049948,0.12221477486114313,3
0.9151930921614084,0.2142514200724216,0.3475358555038954,0.09144035111145349,3
0.2900491445579506,0.8683821133840539,0.8780249592437707,0.48291357897635295,0
0.0939887588834667,0.2273817157396989,0.21776404700068241,0.7143379944158608,1
0.32395179949508457,0.9098949582943597,0.8809153182285787,0.461991988173612,0
0.8656987054582022,0.21348161262323057,0.24283520507336537,0.1313213547596595,3
0.1186220420105839,0.19374232173767839,0.1759235486239042,0.7137845938187064,1
0.3319968082348683,0.8779431084263647,0.8485983702713655,0.43872273072364565,0
0.8227440981772669,0.21176462133008114,0.3149134223423162,0.07923773119040023,3
0.893994422777117,0.1572197002258499,0.27208676308284196,0.16445466920303278,3
0.09630314641790144,0.17339353694676501,0.15164370817530154,0.7107787217270848,1
0.6240908336920603,0.6546304621781467,0.10104109508136438,0.8282756638031779,2
0.3627283817049079,0.8525709379647769,0.8811093259434015,0.4366049114751227,0
0.857799222034612,0.06756394980310582,0.244251380537304,0.18591702209395194,3
0.32982073548743296,0.7830737084907562,0.842222130606411,0.5305251617866329,0
0.8268094351904045,0.19620554214183625,0.24936314755842914,0.17012497848133756,3
0.09957367997622663,0.15390075969054406,0.2523243009075565,0.7468297725631753,1
0.805256405352365,0.17919532033500735,0.16777903554431045,0.08262046540781082,3
0.13265640944750023,0.13976920826350114,0.24522098799861258,0.7519401159300159,1
0.6193847582022605,0.6698114545996139,0.0987834911897707,0.8433965403810033,2
0.7506828133163848,0.24406985093411357,0.27617020213780524,0.1027874786227615,3
0.8171912611007031,0.13507740629848103,0.31816074697520064,0.07945828578362657,3
0.128690200361398,0.11451803126215082,0.20863236124090717,0.6560165398661897,1
0.5937556415469265,0.5712763550238071,0.16799711493542496,0.7995203866691546,2
0.13978480592795145,0.11231047637157648,0.18545665507379788,0.7156670121972877,1
0.6208410165624357,0.5766807199322426,0.2305865888413557,0.7987184896097967,2
0.5129038645303139,0.6486838102179058,0.1098884177437065,0.7716640145269094,2
0.5535349041065938,0.6191571435001009,0.15375675021149215,0.8884393834816133,2
0.6278955394387047,0.6341274062964686,0.15550141138194024,0.7989413951821058,2
0.4121984233360595,0.7845177605155569,0.8520481556482513,0.4557757180031151,0
0.17484703291307901,0.14979816962576692,0.17601151120709546,0.7454880853432508,1
0.39920161762599626,0.8330897113807738,0.7805846276621504,0.4289082215806823,0
0.14692487033222867,0.13632040379390897,0.20408769769480367,0.7093409649058078,1
0.35629911971541206,0.7786948941988505,0.9208748899809753,0.5270127208641481,0
0.5128675378849301,0.5997684874338557,0.17550837442971634,0.8486718973319682,2
0.6111647392409395,0.5756986581414852,0.08711396054905118,0.8735195292604283,2
0.38713602630392097,0.878815459698828,0.8865769444662126,0.5103000357606339,0
0.333651492182306,0.8356256668577717,0.9177547991871803,0.4225506346462811,0
0.8462930312615746,0.0834924530970168,0.3436072157200119,0.10520405951675399,3
0.09795229677610212,0.12627170740679222,0.14689630493216577,0.6977381455576319,1
0.9450470963016351,0.20286961875355627,0.26358797924215005,0.08473674253534946,3
0.5733968721565634,0.684581017186344,0.08968709527619068,0.8918960703013084,2
0.11958382972640857,0.17797806749876255,0.19826712393889712,0.5962229675528883,1
0.563064100948407,0.5616256339241212,0.1052706444982403,0.8160228577369233,2
0.12256550318702797,0.16998917498491006,0.24943015066210433,0.7883866979994176,1
0.3687124538292139,0.8638954986308061,0.7711113385622477,0.5390426120103705,0
0.5631149397562684,0.6534979637138868,0.11134808029772025,0.8206457078372815,2
0.7608363748016365,0.17109536792102814,0.31800098195843335,0.1934672976202696,3
0.7531229028423786,0.19187682666419512,0.38088736683137786,0.11317706591208837,3
0.6654608197226739,0.6564404355374325,0.17927580211144484,0.8785184080319924,2
0.16390715976860099,0.16931328614562857,0.0877209316809534,0.6945633211230117,1
0.35578566963040603,0.7831400675220122,0.8866805405449822,0.432260579261352,0
0.5390197018436406,0.619320175899305,0.08431346079916158,0.8342292018984754,2
0.813935647595821,0.1852024952236595,0.2443986456908338,0.10301578729581762,3
0.10052617042936562,0.11866749562397738,0.08391011117748215,0.692614938291549,1
0.22835355022930692,0.12522839964692134,0.1328788991343089,0.660649646169907,1
0.316879397987321,0.750142737342733,0.7636303446202923,0.4895636779460424,0
0.8572120512971169,0.20283663555624068,0.3025673865520422,0.10788235760170978,3
0.8124147761398408,0.14550324140894472,0.3087971676965266,0.18702119182039895,3
0.6314957092868163,0.6250485313486522,0.1563175210811274,1.0,2
0.7761429008193912,0.2620883275059441,0.22844171333755214,0.12090272553979586,3
0.759657483019371,0.10700150787395774,0.23161443087813022,0.11954718423128657,3
0.3528450568246158,0.7564987297203929,0.8669466700140631,0.4967711217798321,0
0.542001365431878,0.636398857272745,0.20532728899518082,0.8387554347223145,2
0.8810883849912503,0.13257669058499444,0.3165288253448184,0.10025976358940869,3
0.3445025215895021,0.8605983397908783,0.9382297627181115,0.5382663794086165,0
0.8648520740628971,0.22440399484721593,0.31121264076977284,0.11903359100880301,3
0.6824208181397481,0.6765451471295714,0.06588983346644617,0.8538426883781282,2
0.5927161153547014,0.6257244197766001,0.06750188071327567,0.7948623696931292,2
0.3450198983423157,0.8310391286991159,0.8558356128136131,0.395190242423439,0
0.15682863082724702,0.10257104321717919,0.1672339004422409,0.8257489713369335,1
0.5794886425064395,0.6361317636346846,0.1803775408251143,0.8192665715288462,2
0.7649181906808353,0.11597335289668598,0.26343977062591734,0.1592378572461531,3
0.05850790403458045,0.05664763094473113,0.24234331822976735,0.7195541661640343,1
0.31346826586832216,0.8051124864737444,0.8829012107723027,0.5149557222234427,0
0.5866785011137816,0.537091582735598,0.12674291402183835,0.785076732513207,2
0.5416213873565672,0.5732653043650454,0.14805684028817567,0.8204993426271241,2
0.1337784108655392,0.03966080112277004,0.21447757820474206,0.744653891034994,1
0.577160606356243,0.6528606951548311,0.12833510498426048,0.7592399446080997,2
0.08891174038348099,0.06911610570519489,0.07623771878765984,0.7519471412888747,1
0.3132938812542384,0.8506709003930613,0.817635873062005,0.5159745714026802,0
0.5669204684498256,0.6541516334416266,0.1439774170768483,0.8314386754907526,2
0.601524651012665,0.6571070841031085,0.07893463743766083,0.8406662642203546,2
0.25005140278364246,0.14527746481631937,0.17810229611833384,0.7150476589109399,1
0.779269581602952,0.15492070485644377,0.3696004062754982,0.1423732842281436,3
0.5501170825899437,0.6127305360597837,0.19293843960622897,0.8020452929438145,2
0.4009913056222312,0.8227884016616368,0.8444150022571733,0.4421193570286173,0
0.6410044147531327,0.5993499183652267,0.04521769099327766,0.7809487836923392,2
0.845057480109405,0.16704580225224397,0.29314551549228196,0.09764191856719417,3
0.48940064093757935,0.6549557605420698,0.0699624370911639,0.8556967359650269,2
0.8433523610231533,0.21759844052196706,0.2778093678351572,0.17159348380683223,3
0.3211985577090941,0.8401087920918212,0.8600889631744935,0.4551330832203446,0
0.636178600668152,0.6051744213909807,0.13271127580866504,0.7572799885230754,2
0.5565687780240759,0.6170442463331386,0.07618634474130481,0.7736620231993252,2
0.5963934582279617,0.6266756685850357,0.12495351186608528,0.8323925738676053,2
0.1322333352123073,0.12970001534367576,0.13320108223549015,0.6990712316343087,1
0.31709352800400836,0.8364936117909867,0.8625339839686745,0.5721175636281441,0
0.4523108254385907,0.782593601581206,0.7687539352902353,0.4561465944588713,0
0.27976333630356,0.798061279898894,0.8222354897964267,0.5351304363597683,0
0.6128954904599458,0.5775077360926499,0.20127199753479774,0.8542127845934329,2
0.050529317471899315,0.1836668821467635,0.14074120595700812,0.8445317589706762,1
0.07034824381503091,0.13270168765573082,0.16678815326918484,0.7196086645170727,1
0.620291956617731,0.6431657197392702,0.09579704026328162,0.8489799493452348,2
0.3478140529296072,0.8363310874849027,0.9059642824584522,0.4505005171433309,0
0.12251322409045468,0.07383866501548597,0.15795932685913616,0.690598587190136,1
0.31875382176701944,0.8189206003188503,0.8416317953947833,0.5154209390244607,0
0.7812009511767272,0.22215234413157678,0.30963188496359534,0.10207355301572119,3
0.553103663229165,0.5941034047524333,0.1926087962916046,0.8987893821651087,2
0.3289575603192169,0.8044219005868817,0.8315561884210325,0.3834405812892362,0
0.8437211158155903,0.2062252273543546,0.28191832258195026,0.07292433134967014,3
0.7800712916936932,0.1696585749755133,0.18341149365110387,0.12040583784073733,3
0.5960595705730424,0.5798405230922045,0.08908363138874575,0.8462924470841685,2
0.14219095657827502,0.24280552918466303,0.19685852180198443,0.6494932761696763,1
0.8839888190333178,0.12225313536926902,0.30202642410179215,0.1547010699253725,3
0.09654122901356915,0.06947573219288056,0.2509236205318586,0.7746089137978773,1
0.3948061997636278,0.8374199086739764,0.8395618709195813,0.4737947912808932,0
0.5881463018670462,0.5839258549617331,0.16504540771037862,0.8898584412749901,2
0.893041141832084,0.1989126518450912,0.28257842118416393,0.08848889326971776,3
0.2757102373714124,0.8566149944091539,0.7810633284545696,0.5666363579985962,0
0.8780477557942116,0.2584758422645122,0.2721741514461497,0.14451357818433125,3
0.6128355304404669,0.6019422231586922,0.0886747480616874,0.7826551061463627,2
0.8109596772421053,0.18956716914947133,0.2904950979784426,0.12058757279694965,3
0.8130280617290577,0.14552022313963303,0.3115003529842309,0.12645265052833643,3
0.5215230080165665,0.5571322447220638,0.1549915102389291,0.8474101548546327,2
0.835482541079103,0.1595015243886983,0.28826816349468937,0.1106494336637796,3
0.1582409416094117,0.08514235519537638,0.1737493065261882,0.668764153687875,1
0.8266970923972579,0.15930394863484026,0.24525175515961245,0.13981364827903126,3
0.3779398183528635,0.9127367269349089,0.8065082049968835,0.4311853043065813,0
0.5796522815884328,0.6797163422610459,0.06356235395719945,0.8539876845654328,2
0.35391931476125127,0.8596538310558647,0.7889838289095001,0.5046613335829551,0
0.6045692812473605,0.6616902285561649,0.13806752707789044,0.8237758460982729,2
0.11314172539426742,0.09275246368392842,0.22249712465792304,0.7299693454506637,1
0.5601496955011054,0.6248668971268037,0.19106215784665453,0.800482767969722,2
0.6018700758337237,0.6292843016715716,0.21616744125304616,0.8710858560614172,2
0.6166474499495436,0.6318203394585751,0.15056845217781295,0.7356453312757498,2
0.16056060805479855,0.16559676638491855,0.2065725587215168,0.7417051645105741,1
0.1313586561661797,0.09463416074430997,0.19155813511014758,0.6984022310154436,1
0.8408069335890256,0.11864047853465809,0.27206683660018427,0.1183037616550372,3
0.6054023346181722,0.589799594495508,0.00830668185665484,0.816632551704611,2
0.875338013397895,0.18685148632327991,0.22783051335743698,0.08831406082398613,3
0.6477667828040795,0.5575844193594583,0.1620329411830978,0.8827092477923892,2
0.3752518968411984,0.8013613369240099,0.8635203407556409,0.5568478773341424,0
0.14646757044490838,0.12138878901731492,0.14505140743281114,0.6569923071924775,1
0.23417559816828148,0.13393717556018242,0.15010959215367292,0.737346852987304,1
0.8081238764513521,0.16801791395010424,0.28815941092355973,0.10869370961883845,3
0.2915418022449703,0.8936127640394591,0.8412441885763783,0.5378477949690994,0
0.15533388049755698,0.13941950286909888,0.1408192015336382,0.6986773375754696,1
0.7366622994085184,0.13124528817818581,0.3679549314624935,0.19623739770183166,3
0.5955737169587159,0.6483350659819003,0.15501074008716798,0.7668052564488393,2
0.770511806276418,0.18528157419551025,0.32647591245981966,0.18134990207098545,3
0.5923729350437605,0.5734071336825332,0.11034836257375213,0.8536896299948844,2
0.48348453653981555,0.6917037732624582,0.11635444414219326,0.8356718015963271,2
0.6376542015650069,0.5969538641053747,0.0,0.8316806461535431,2
0.1289034618039278,0.15349062199214686,0.17446271418701886,0.685064463328418,1
0.37034369987352356,0.8691405454458181,0.8495025796898905,0.535507879053896,0
0.35305708097122057,0.7763696448523851,0.8126330281703692,0.48953268667992866,0
0.8854751824562352,0.11483144134502005,0.24402741422038676,0.09439290232964787,3
0.3544022045592734,0.7666644295878817,0.8518038088080342,0.45663685535545334,0
0.07548119605801168,0.0410671323115438,0.27172549236516025,0.6791875429688534,1
0.8978929787073784,0.1709741349824872,0.3195365342814698,0.150255335104878,3
0.8492790563579081,0.13625268204483376,0.30362925901891724,0.06602446971380077,3
0.63090318428705,0.6425844399954026,0.07973020517990292,0.8116740730285078,2
0.5640667773144173,0.636905423518398,0.07543068221023685,0.8534656906793044,2
0.05672198951040375,0.12423717147133656,0.09288581669411555,0.7633300392663412,1
0.6755518712453019,0.6201446453020273,0.08565142465177145,0.7626212534509988,2
0.11295357183789961,0.11682982218695726,0.23516265683162385,0.7541255349277066,1
0.37431692951195733,0.7519906037175945,0.8616464466946486,0.47000243200511127,0
0.8002386687562022,0.197808404390964,0.26969295944749333,0.08097886021812634,3
0.43772345178665206,0.8269480394063389,0.8174863858431134,0.5723427350391983,0
0.9512503110234833,0.11233758700798363,0.35599194364142384,0.1641177918438236,3
0.1928580948155827,0.1950932645550988,0.2185950035314595,0.7095155508479878,1
0.5817708734615592,0.5997501058160847,0.1217310858347046,0.8846923967855505,2
0.34408668818602206,0.7897710232246495,0.8164029899008018,0.5215046725952462,0
0.6133435956167917,0.6774347895748017,0.16345826879021141,0.7548193440987144,2
0.9058566100449619,0.1125721849562552,0.26332283457012484,0.12720809003805994,3
0.38930264736823417,0.8728027038566701,0.8765990734852296,0.4164830028230176,0
0.17552380427311748,0.12446983881221979,0.15939285290631333,0.8732033580234897,1
0.3889528783503563,0.7919971087233266,0.7915868516227679,0.5091800283424287,0
0.14646298110514694,0.11676267295847187,0.1538014828331734,0.658415358156428,1
0.5811765861070203,0.6152479717458397,0.16086397582688422,0.8528777692717027,2
0.9142101697132652,0.20302701628571687,0.3630412835067087,0.05173739981066189,3
0.596089401114475,0.5175249814332628,0.11924968133225528,0.7842480543024737,2
0.5437955952032865,0.5711981901872167,0.1412003987453817,0.82582791344635,2
0.3053352572691501,0.8521119818658173,0.8187390377967763,0.45158716238542385,0
0.7872660609196285,0.18198771960619736,0.2292431264636835,0.031371811666913496,3
0.1743491732826713,0.1021569074495679,0.16006373882518427,0.741767868489625,1
0.903139505811082,0.1915031602611154,0.3272561044569771,0.17857307427682792,3
0.36759570650035556,0.774836191146384,0.8540676764627313,0.504792638380087,0
0.4369776643545866,0.834960309421305,0.9045976311179282,0.49044127008357796,0
0.3756170720581854,0.8124807419543064,0.8468136939618396,0.5451253833012031,0
0.041847843515520955,0.12356438973895678,0.11880726288762161,0.6791703397147714,1
0.3200554724174046,0.8153812213975881,0.8256772878819426,0.421301871747492,0
0.3296431870183889,0.8920927983828091,0.9608271018633403,0.4710069283056279,0
0.26758893963810293,0.8896428523202504,0.8396175397130671,0.5432903368105989,0
0.5730374759671786,0.5869385754863047,0.16816624647635725,0.8145125785185324,2
0.3869389560381701,0.9265888893492809,0.7956225619507699,0.4618189874870505,0
0.1487570026487708,0.2090870935958223,0.15723397306654285,0.7132322663088377,1
0.10510967814429861,0.1272691081299414,0.1958929689024727,0.7292969612452087,1
0.20631780711411196,0.1888563563894718,0.13703955833645504,0.7468808923149101,1
0.19395427944357552,0.1288467808770163,0.18396750794318278,0.8058766641947059,1
0.10555225505890897,0.1232283654069456,0.30126332771707065,0.6611348335742842,1
0.35900392095407674,0.7931545082373217,0.8589531425033762,0.485123541753798,0
0.878434073396728,0.19760177113581623,0.3521880917974215,0.059147341367649875,3
0.3433799205254534,0.7747459041389236,0.9273542814986944,0.42280897702518255,0
0.7674991146265031,0.18250610925217065,0.35947778562941946,0.12648906029261114,3
0.37505218385510997,0.8546177033773479,0.8997638924827085,0.5349805017854969,0
0.4391589054731363,0.8072749444709304,0.7956693447142571,0.48171185967514807,0
0.3664024782539723,0.8319025469222382,0.7770742943964023,0.5210920282411255,0
0.17971504650010617,0.225530720042136,0.14045826894379465,0.6671484908841105,1
0.13428547883194208,0.19315954415389414,0.11111825549162324,0.7202615410509494,1
0.5750349162312323,0.6222380628617246,0.08884765990824184,0.9170571587274226,2
0.3820850669640247,0.8380146891777807,0.8022609358247315,0.5190172735108675,0
0.47659716699472393,0.747387712042145,0.8798359430614073,0.41456415991681644,0
0.633736868833042,0.5648252061113838,0.17191214622323525,0.8921473417625327,2
0.18000450163474602,0.14677355411932796,0.13600172427545576,0.8091775783133861,1
0.08413807902872183,0.09138983612096185,0.15708265637657592,0.7455966695066298,1
0.9350557287506258,0.1409279672529628,0.26512143234377755,0.10570660395077985,3
0.12636967780668795,0.14242650256130357,0.18459650821725987,0.7480603106720362,1
0.3957673360373132,0.7891261698297214,0.8890440751573909,0.5486109984642062,0
0.0924186818844911,0.16742992086166508,0.15364386319211432,0.7853532841553255,1
0.138449656840698,0.1474247946148194,0.11369418367794093,0.7927227376418178,1
0.08675301451872547,0.13171173738479697,0.11461125491302299,0.5970827047029101,1
0.6676106380227946,0.6595602596601061,0.14488519760156737,0.9021133388227167,2
0.5541802395428601,0.6233449151524848,0.10333506426723216,0.8104288397431606,2
0.8497023405849075,0.2885922061579431,0.20033593249926335,0.11088832443914803,3
0.3039287343087643,0.8437298780805071,0.7997665564416967,0.4236145023689097,0
0.8250868466489824,0.1529161791254487,0.1456246960697713,0.2050555123129295,3
0.2737488172549092,0.8033815621032153,0.845633402240292,0.48951380686331414,0
0.32671787856976536,0.8057008305033273,0.8437250888101723,0.46285189934658205,0
0.8216301228610375,0.14429627163006986,0.34541873714018817,0.18710201878086594,3
0.87229693896489,0.1427458018021125,0.25358336841366114,0.16120704332515035,3
0.38998120356897525,0.9253876155380023,0.8299125707400481,0.4972887591169914,0
0.3555253864691448,0.8171037338147169,0.8615778720571174,0.45003559656281233,0
0.6137322103012969,0.616381596218368,0.09857360205875132,0.8447280693422199,2
0.7740294725664293,0.1760921359882333,0.26605862614492937,0.04154366267615078,3
0.7902009264296939,0.09341117827580331,0.27300954889663026,0.15757841127575653,3
0.4045468035253755,0.9141773609824919,0.7751300986535777,0.5128151558944793,0
0.8028828836424451,0.18670073694929748,0.23237446053953742,0.09447766753686665,3
0.3042823094407675,0.7762295415346666,0.9035335957210652,0.5231426430244882,0
0.8513858638579261,0.2320046194392851,0.2627680429445976,0.004403161780211329,3
0.07244256407725613,0.032829228684185474,0.18797255319653583,0.8415874256462237,1
0.3972624101830802,0.8486412568794158,0.7968058197686264,0.48523764651469325,0
0.13903289028029664,0.18938237904309416,0.2145774678621971,0.6580852577070009,1
0.14493107442714176,0.06799662406571316,0.19188246575698825,0.7273974191082325,1
0.18720318201474384,0.08198198496462822,0.19923226426600538,0.6814361185670148,1
0.7592814435624636,0.2037900657459942,0.25638894416448016,0.10352250924689177,3
0.5329843170174452,0.7220428810824584,0.20694838120305092,0.8498872657423893,2
0.5892705854384626,0.5968004179626383,0.10217226411337399,0.8375765857066803,2
0.18706531232882662,0.18033019878837286,0.20053586264107687,0.6773903847468641,1
0.8777649521659207,0.21127558218228484,0.2957674363552881,0.12988171797741488,3
0.10705319420249543,0.12306666475965544,0.16401922236418542,0.712297742709381,1
0.6028810934080354,0.5670757868678805,0.10121632883227438,0.7848867783519793,2
0.5537018662061586,0.6490080851963709,0.16521896121623658,0.9061770909224867,2
0.40316764824096135,0.8434230417811622,0.8861942437571275,0.5158254134827225,0
0.8588114087449548,0.1733500691840017,0.4068777378589662,0.15249378682137996,3
0.6268859831749907,0.5648017667509472,0.16425492302303085,0.8435864139454948,2
0.3922986681505452,0.8121326641206597,0.8566245962948548,0.4879608825921459,0
0.10669533169974987,0.08883181018309705,0.15977122397533766,0.8063053794143598,1
0.4754871070219604,0.5218794642371972,0.1003124016186333,0.8433649240219887,2
0.369963451196742,0.7899144221591612,0.8774419371038866,0.41236022867508537,0
0.33870348742211864,0.8134478212431105,0.7746809000448167,0.45226707750926126,0
0.6572079198056414,0.5781601091490567,0.15808590225009833,0.8317195858643586,2
0.8015214969518675,0.12583222534268823,0.2828087678644052,0.20572992571320006,3
0.43178808009279046,0.8722160590173431,0.9535088561428569,0.4527398490171148,0
0.06774335280862848,0.1342201617110108,0.2554687739783573,0.8297694360952794,1
0.14568311756773067,0.11061098317714757,0.18197335868988412,0.7135088413741808,1
0.7718628906631275,0.10315609112760049,0.20265548394205202,0.0511358977120549,3
0.8464353059962193,0.13404683827722919,0.2502185416552333,0.16877717230969486,3
0.8740286113125587,0.17555056811181763,0.28355142505401776,0.09623919696668864,3
0.8082587085672059,0.14281473478691076,0.2923959319664995,0.10260943629259833,3
0.32899600900702597,0.8525192053695818,0.8502455533905502,0.531134924097439,0
0.7885396506167314,0.14948581312905462,0.2517993205953167,0.0641963461510432,3
0.371067150513414,0.8023514820445588,0.8349175712473322,0.4651289715831539,0
0.19804498999687387,0.12269310206284956,0.06189160572820607,0.7015585216171912,1
0.638182395122413,0.6718382957134179,0.16351210252710507,0.7713200713057562,2
0.9399591510855503,0.13285946478398641,0.27459608600682395,0.13115221283049366,3
0.8649497736380872,0.18310980570824045,0.2870681455171533,0.05367521990402968,3
0.30136152720510156,0.8507670377188381,0.7991940087881754,0.5573851676264918,0
0.5721627809881406,0.601504716722636,0.1951585707225098,0.8478809908016516,2
0.07308602781395063,0.10976456721184985,0.11292549435892302,0.7193013972690576,1
0.7516527540511713,0.14972993286785274,0.32270468225699916,0.08370258240809203,3
0.27786052314508475,0.8902170551023325,0.9279848992836743,0.47614609618477244,0
0.826343838191318,0.12295400086108965,0.3980088360820264,0.18434893444463904,3
0.6367340964685422,0.6547214094679139,0.09245650797848304,0.8244096383246045,2
0.5648339750243319,0.6068594163945815,0.12045202469480698,0.7889819489215191,2
0.16373358830883405,0.1365075010583221,0.16751745000760987,0.7114619725161402,1
0.8824513556806199,0.0846825881930881,0.35068626378117634,0.17495173634358732,3
0.8118460812380575,0.1722100584224044,0.27277717128388684,0.05887685503251622,3
0.8537165053635306,0.17941640199164277,0.22063438379171252,0.052925611064851774,3
0.12302790851326251,0.044799240071560165,0.14089856588477612,0.7331996903545113,1
0.11692936112905133,0.0906670535944975,0.2774878324419589,0.7210641748965301,1
0.38357039187637304,0.8429675070304563,0.8579504961738083,0.5030373592386921,0
0.3293611790049076,0.8761791771333631,0.8099959514376565,0.42378802017902606,0
0.617570983553611,0.5537383958679083,0.14925522668567975,0.7278620610518582,2
0.9040194858980437,0.20905429073817047,0.31431244004862513,0.1294900860664731,3
0.12086677742841051,0.10789144771640768,0.20343156874125778,0.772147231011578,1
0.790428389644261,0.19641681648734585,0.357010734311337,0.012237533520547128,3
0.7718094286649735,0.10030826309732344,0.27316669850900066,0.11948355493507057,3
0.7949188782538501,0.26393611019565255,0.26633861188425667,0.12037302748170048,3
0.4440343718382143,0.8687876371008696,0.8449696408630707,0.5542245018983205,0
0.6109413954471693,0.632722415297683,0.1281229906060506,0.877951132360218,2
0.11160583045012012,0.11248309141602347,0.1523036496006247,0.8227900695251464,1
0.7869959743334541,0.17900058209198333,0.18465106726727154,0.15192562435166934,3
0.15867033409796055,0.13126399104683167,0.19551487898608433,0.6874305663492621,1
0.15852906226315455,0.1318635167488193,0.15854617184635056,0.7221756433977805,1
0.8949249910841236,0.2243708717170505,0.3365539080436292,0.09811718266309333,3
0.40647709374612284,0.848081418489639,0.886656194946875,0.573048831726016,0
0.6276179454267895,0.5982235133570819,0.1840238083817367,0.8505595709348077,2
0.5543783956744587,0.6053553106534759,0.19003993605225378,0.8314620550068228,2
0.6051470239697198,0.5917390927680679,0.08013843825303368,0.7340668960112875,2
0.28491111649367545,0.797571696176012,0.8437063204241145,0.5684320320601813,0
0.5779062121228244,0.5270393729991614,0.16270331684350264,0.7667331844887557,2
0.881008786444184,0.18840612218921854,0.215773268964009,0.10348230449385809,3
0.5592340650481699,0.6073867769037551,0.10041889969077789,0.7230960377837448,2
0.4409973652368475,0.7689023303830047,0.7598214489741394,0.48488376787771725,0
0.6433458232640021,0.5949341311717143,0.1629575327488842,0.8140935544677108,2
0.3718521863733787,0.8413807564241819,0.8456268610710618,0.4767985892399264,0
0.5924427429209158,0.6553832512426631,0.08520081925650425,0.8913052235476404,2
0.07537213109070834,0.15160756645025864,0.22800641367129365,0.7614738990637181,1
0.11002440549670728,0.11891664186437068,0.13924342366269443,0.6831818991401383,1
0.4168443732760116,0.8303036918487019,0.7960759568326427,0.508260194525008,0
0.9362866889750908,0.23467304961003102,0.27280149806652787,0.06256906294828102,3
0.3918736238107003,0.8161494542327188,0.8616505842025681,0.48151514254503724,0
0.3927179162869145,0.8472292692386258,0.8903291404709245,0.5160757260463147,0
0.8141134756990307,0.19401731533616723,0.28653555164782507,0.133019955138529,3
0.10135246880168114,0.14521060934603852,0.09418200662116372,0.7372872261380277,1
0.8576692681752716,0.15410890420971618,0.3540627892124219,0.07275215539323893,3
0.4001083159990478,0.8010299277510503,0.8229614770318168,0.40206312376784387,0
0.8965497237691068,0.11881483593821879,0.2751999365525384,0.07745791367947502,3
0.6084480895723526,0.5648504628915786,0.13507031280402765,0.6876207632775461,2
0.1814861549430608,0.0,0.27334103737279275,0.7227032614732152,1
0.5894101146254693,0.618098431467588,0.1734014142695956,0.7212299345060418,2
0.3593777101870541,0.8781745633109288,0.7603697717167222,0.5564646499004625,0
0.37345081284651005,0.820175629536737,0.8870251024131581,0.3875403477093049,0
0.17897170172334043,0.06232979565283553,0.040192038576276734,0.7711995633752028,1
0.09474947379932219,0.14022858677371502,0.1265036051652575,0.8258789726575682,1
0.21479813301040357,0.16068195000249447,0.17224554273964776,0.6566643314707699,1
0.6181380520435974,0.6610495164892807,0.09775257790362413,0.8612856201653492,2
0.09641047034408107,0.1469823649179529,0.20865584658191605,0.763069716199499,1
0.35885085202653466,0.8010751344109869,0.9530448796175519,0.5160191522251292,0
0.13510506448520682,0.12514306283484417,0.13059085870275228,0.71633203348454,1
0.8967229237801044,0.15787935192433922,0.25798301529971185,0.02343216781505847,3
0.2019550266343591,0.1168645564786629,0.18295605214213462,0.7407627222775816,1
0.605332682314185,0.6717269368578275,0.16757864655331217,0.8357347869996903,2
0.16586392266485772,0.11316488948664466,0.2273746353631071,0.7456994815383393,1
0.1575382136540312,0.08822831078500021,0.16987239179442531,0.728595138677944,1
0.7736161111592539,0.16029483733656713,0.30172429601769635,0.16785574981017962,3
0.36216272091095236,0.8619038098975358,0.8695276694913845,0.49750252645189397,0
0.17915760294451072,0.14058763220103104,0.1376987487293308,0.7453319503478202,1
0.348116703290244,0.8476958722892365,0.9400995470566964,0.49527592464953035,0
0.6212422487556163,0.6582939244375055,0.11415162966623171,0.7950486343695327,2
0.036130289476170196,0.05794714769113041,0.18187289855520572,0.751980274021947,1
0.33468193645391703,0.8174073116936937,0.7778480079471315,0.4459071477542966,0
0.6485297179083793,0.5879041784854031,0.06453459690739849,0.8135300860306928,2
0.5454882432736805,0.6577249236601829,0.17478836203539194,0.8892002323361661,2
0.8481841656741824,0.16297418311651907,0.2880596031246644,0.08844215109919468,3
0.6478147474782684,0.5947296885460945,0.12608818780256387,0.8825675999287932,2
0.2282287191130325,0.7946584735042037,0.8743522150756557,0.4782229718764741,0
0.31638300088429216,0.8193931458304944,0.8209937427877004,0.4910895521759493,0
0.0792771869441169,0.06697926899194556,0.13698157497874008,0.7679514627060465,1
0.5962328595611032,0.62425002882905,0.09977066268378965,0.8084229944402723,2
0.793850872704871,0.19363557917279267,0.22780458852926638,0.13819444522481428,3
0.37152291299968543,0.9215077215199783,0.8891203526769809,0.4726694451751652,0
0.6265480632855087,0.6416722679650164,0.11300994898924482,0.7967933369664646,2
0.6983494155159402,0.5655925319893702,0.1545779766332569,0.7808622984773077,2
0.09250092705697321,0.045475483047339005,0.16430460192445862,0.7235089874634293,1
0.1495171165518896,0.14689929881794034,0.22020075414510465,0.7397903355919702,1
0.5783387323880693,0.6048707178305283,0.12768888766173314,0.8443473473202312,2
0.6097761497340948,0.5464295675203785,0.13557930810554464,0.8107994519840664,2
0.3282093918204013,0.8474788224539098,0.8434799297183156,0.5372158471389232,0
0.3129116344989271,0.8033807838409491,0.7387021031259625,0.46364984132639586,0
0.09786752824089723,0.1145493912563264,0.14896173711476174,0.7367027062748647,1
0.3668155671624783,0.8033443832850037,0.848875703767348,0.46999198606738407,0
0.7911317050101657,0.14412352282337898,0.20380176588050786,0.13364028910942788,3
0.09466189907063205,0.12152498402134532,0.12865952504912714,0.7150998141933097,1
0.0949787245112163,0.173832688198803,0.13804136023722474,0.8114670684762564,1
0.568280441701222,0.6710554698990572,0.10390484157492264,0.8388836974468872,2
0.4325407746683293,0.8198808073452626,0.8487615031790776,0.42305252626801154,0
0.2133584603523656,0.16751449033415672,0.15497070032107618,0.6887619050274966,1
0.9205513788336042,0.10049340756090941,0.31458511165835296,0.13381587957214258,3
0.9070018471820478,0.2574855503773016,0.20824195470374635,0.06610232741003397,3
0.6163512035538352,0.6378590578922576,0.18403754548967716,0.9473189308027545,2
0.20183786854482233,0.15254194777514157,0.1689769930913521,0.6697661907654944,1
0.8278724767294688,0.17433268041835775,0.3918163008642557,0.04975673279216536,3
0.614295302903604,0.6333908471997364,0.19285527355355403,0.7743290818624686,2
0.4833333206026226,0.5897174922284019,0.12923099150507783,0.781616344605963,2
0.1506480730255494,0.1268388130769046,0.12307063676448993,0.743654566564675,1
0.8220672246772225,0.19136479061448236,0.2899077195349796,0.16739314487755308,3
0.5862742397016012,0.5429678038249838,0.12195896051209754,0.8977261618758464,2
0.1384863001311426,0.06547347223300098,0.16287097383410631,0.6881876940414449,1
0.6818638898942329,0.6013489242147099,0.2228269651423198,0.8594624091097247,2
0.561532451085119,0.6261087967477517,0.15588643238099864,0.8440114009827702,2
0.793745570886339,0.26116185806613046,0.29522615216170617,0.1470658327616433,3
0.3172378858134331,0.7670407599566498,0.8128973618849251,0.4385509821971082,0
0.5654696361952521,0.6119356858021202,0.14825213668712023,0.8006938342204163,2
0.8924344064944316,0.18360523944243912,0.2967473765810296,0.13736657251789136,3
0.8231834392012259,0.18704098299868813,0.24286051611119885,0.06647035972174303,3
0.13662755077404032,0.12117383658861042,0.204020241448567,0.772210322528823,1
0.07442756669236045,0.1144277213664347,0.13784565902088491,0.7205635691407619,1
0.816030435542044,0.06271192440191087,0.2746037301512014,0.10944760327279623,3
0.802853203402377,0.17193044705014016,0.3765750609308921,0.0697814288109792,3
0.3026618015606814,0.821445839524601,0.8013940668906665,0.4249468617548073,0
0.6242995188582434,0.5800149653145702,0.17575809550942456,0.7941752212173152,2
0.6550998996988582,0.6041041824231166,0.1484946366138858,0.7969401209257572,2
0.7175582438499571,0.6346567830767925,0.06160307791128816,0.7971919870590006,2
0.3554014458011602,0.8350332997976029,0.9095379309812954,0.46067766322893333,0
0.04764755477833332,0.1674349526686939,0.14419638722697997,0.7356359140536031,1
0.5753872331965683,0.6155046790036721,0.06799190593672833,0.849995511288753,2
0.15043832038928479,0.09914148098002307,0.14190845687822556,0.7554863460217155,1
0.8630065277487537,0.14011210090333526,0.4175628950965195,0.12430296798960927,3
0.6400051031402737,0.6050889784473826,0.18782485730445947,0.7727376986910393,2
0.8721526288252429,0.1759510819448129,0.2717611718866583,0.02086333033646809,3
0.1361960001887041,0.10894352145614139,0.1745991762389194,0.7535415441901907,1
0.8488794102478907,0.24175489688126522,0.33691651857160354,0.06369322711188602,3
0.7896269879129274,0.12847465361100496,0.3057404324250491,0.12195311362268613,3
0.3998513785075579,0.7799605105183475,0.8719782872979052,0.5524915154133696,0
0.3425061359958326,0.8615405970219893,0.9208225955286822,0.49073824684974987,0
0.7946251869239749,0.2006955927155146,0.30890534106370615,0.11993542663014883,3
0.1533546133927834,0.2235203906883529,0.13613778177511215,0.7709069451343138,1
0.32475348450771613,0.7677293767164142,0.7990027096258172,0.42635197871972946,0
0.3757453771400379,0.8031779633809988,0.8497188288419113,0.4803620534752844,0
0.36904184620513025,0.7453555486989476,0.7587398816792399,0.46200008270997117,0
0.3296264339026824,0.8397349192621618,0.8445452455845261,0.5410584592554449,0
0.8224176203309483,0.19515489563028712,0.32754689233739376,0.14552131082004816,3
0.12272843072731465,0.16371510027560088,0.20830826453702378,0.6500456019146312,1
0.8543344567489871,0.06584268467259197,0.3270051760943063,0.11804409658427639,3
0.4490601352760205,0.5934663824026927,0.10436122754552768,0.8853918727775032,2
0.2269061453007975,0.17560554073788115,0.14599130696771717,0.7868559060324012,1
0.5675336501373963,0.6359419739167705,0.17013490598318842,0.811337261216385,2
0.3437340845467224,0.8178074744819475,0.709924906753311,0.4849403440929816,0
0.8669418029791389,0.1716241679038521,0.26666422143280755,0.09695113463641553,3
0.3541205340848251,0.8405983723087993,0.8332545038058412,0.5032905722184057,0
0.7969377563709827,0.22942089500229965,0.23367905696953473,0.13436363655546613,3
0.8579806441549442,0.24159168192321787,0.32128147253328265,0.06494505091444946,3
0.13843960568033847,0.18609644106806572,0.1179056907702497,0.780482313902999,1
0.8890978720159192,0.152768681232958,0.2517570522894606,0.11587490816516416,3
0.5702012074518717,0.5746101832022182,0.12921189492088875,0.7843825277249332,2
0.8719350213057881,0.20209821799518976,0.30450310920781604,0.10112285700480528,3
0.9501093769838698,0.15039738407091646,0.2156557633482174,0.027447363504348177,3
0.3390616889904292,0.9035607883824477,0.8323326499534314,0.41951232465523175,0
0.12020714208848698,0.18862604914723605,0.1360149394314623,0.692916510439414,1
0.16793384828825259,0.11548309139081736,0.17182151574873122,0.752306057284284,1
0.36535252483874947,0.8217265105641676,0.846295852416885,0.50308854637843,0
0.8244775097111472,0.21033961325174777,0.19685658157745844,0.17187882261473544,3
0.8193551317962308,0.17970592141244413,0.24731750272755,0.16530618566580332,3
0.17915700159792924,0.15056676204146574,0.20487338133083322,0.7523168533354403,1
0.14010574944372073,0.17863465016711372,0.11743966086087804,0.7317923188014515,1
0.5574816320294615,0.6021225161138607,0.0631974792514648,0.785699840434695,2
0.30590836651725595,0.8646117966393208,0.9035579389787225,0.4503313236172074,0
0.5555825773628866,0.5974608270347055,0.10446968155705905,0.8295765569015081,2
0.6391332590596448,0.5912666183769242,0.12492654862837249,0.7939954847333106,2
0.357208872732322,0.8287863325057443,0.8553184162642286,0.48087310591252386,0
0.739551124830852,0.22466114116581384,0.3054344600941616,0.17486966729123873,3
0.5824592075673655,0.5471443225899336,0.10612375125083928,0.8098318251308267,2
0.31364977269190036,0.8156584019345392,0.8661086143075963,0.4619351886700217,0
0.8541418127258009,0.19843286905038915,0.25721081166617804,0.08018526495860462,3
0.3546848150600813,0.7782394256580595,0.9027657869107267,0.521348505271695,0
0.5729633492821398,0.5569737114585751,0.1100254879504644,0.8344503325446699,2
0.46342136280467366,0.9073729095092047,0.8328663776170923,0.5312670565115274,0
0.2879771787803591,0.9107345063513514,0.9046048097941111,0.46620488910996594,0
0.11038354475098089,0.17598978341694338,0.26310621762020986,0.7986977301048979,1
0.31062137230069575,0.8366407328960614,0.848293452679575,0.43577723448880257,0
0.6934738782740478,0.6156991846790907,0.18158934209746413,0.8832756544586099,2
0.8289138361181001,0.13429281568370616,0.34909257008972994,0.21711597337428692,3
0.7346873373114491,0.1605160534365354,0.30231336768887246,0.13263218286475315,3
0.12938288414053778,0.16493764294039204,0.17256675355505835,0.7245412172794109,1
0.3993181537429238,0.8657788056828142,0.9109348229096692,0.4883407318810991,0
0.7816510275540149,0.24959237946290172,0.2784671632601199,0.1841746076553106,3
0.645979171411704,0.6671885907309147,0.11927021674901017,0.8207330567686273,2
0.06851576896234046,0.18035886424498448,0.14512268383051924,0.738091038138675,1
0.1674557016615088,0.13020145078770123,0.20525227655995593,0.7253618886733867,1
0.10542819573789086,0.14321001939481842,0.1661005738795699,0.7505494585959712,1
0.095894855203278,0.10653750757055025,0.15236832363409925,0.7481617005127505,1
0.0,0.2290822906027006,0.09866886461265256,0.6547029588840867,1
0.05876852621658296,0.11798104658809888,0.10969072763983378,0.6476319415756226,1
0.3651235157165089,0.8515999006225029,0.8598929020130801,0.5982702593408844,0
0.7607827082036946,0.20384385771298816,0.1569276870143375,0.08390133895046348,3
0.16820635520141497,0.14112502608006516,0.23383412106460738,0.7995226732978993,1
0.9187015891898028,0.13591786884384266,0.23482528271769176,0.16370565921676833,3
0.7366901842853726,0.12342252058063957,0.1885079524894414,0.10845928227919699,3
0.6204586688908404,0.574964008313341,0.10982953611947388,0.8093705557035533,2
0.3813410427313205,0.8445872929395384,0.8974781885674576,0.46436057624036475,0
0.3986492449760104,0.8897474150725675,0.841753500633206,0.5327104147937701,0
0.8171817670578524,0.12118845043885595,0.3186292636388571,0.07467103532402247,3
0.591341898323549,0.6450696191136037,0.0759626054102519,0.8052155181472513,2
0.21243917310110894,0.09050299890932323,0.1186665767139174,0.6317627560301302,1
0.37057869423466006,0.7734667050731516,0.7910763851684961,0.5349511848504185,0
0.7616795049884268,0.15933721045158,0.2944587018685379,0.11737550918415846,3
0.12858913188470722,0.09490824484696575,0.04670497250529526,0.7689292342999203,1
0.8066183086456185,0.15063916595827526,0.31741956482296313,0.09617795075174851,3
0.15096401788176722,0.11725269901634922,0.20223557622194216,0.8148030380502829,1
0.6852626149398823,0.6071050860368536,0.1669391016159995,0.764293959899423,2
0.6374178706631481,0.5955703014231182,0.1071840344445496,0.8347031181452885,2
0.3604196731421455,0.7999462675641572,0.8943432721027106,0.48075131441511487,0
0.8574595599846331,0.1540331025435276,0.3184386809353054,0.1997350115320376,3
0.11371355164436153,0.16233952218932346,0.23426440255154207,0.7920341328976084,1
0.14789263481388665,0.14951134155142626,0.20033453190093736,0.7791194837740799,1
0.5927980730249037,0.6396984012784521,0.0714871561679622,0.8730176771624528,2
0.6394659472183357,0.6368529241193314,0.15188917025624254,0.8501009687807712,2
0.6156687536654541,0.5551590479375971,0.1733885236120381,0.7670373315934724,2
0.5350895908585273,0.5808785223142495,0.11218291101584799,0.75922291201392,2
0.8840940454171573,0.1403591417388303,0.21746500316267647,0.10819848786138753,3
0.11425689617259233,0.18866272185548194,0.16092084714042565,0.7346778029750884,1
0.3610030638574977,0.8166467035320527,0.849978530283691,0.39763630361674007,0
0.8960349136796272,0.16017560505661688,0.346406730062063,0.13962735521749536,3
0.09153016048168305,0.18249696293919482,0.22326568294332855,0.756514793663718,1
0.898965696606826,0.12877892057871876,0.27439302675813976,0.10551360506925528,3
0.5579353428084387,0.6738887398468899,0.20208726563614188,0.7955821010890534,2
0.34984822511480707,0.7876522241288231,0.7646898502771391,0.4965803693380479,0
0.43494526765833386,0.6236553225126158,0.2212175328933827,0.8786455581246886,2
0.32341108645266514,0.8823623215779788,0.9167117202236421,0.46161809634866785,0
0.8434261438006876,0.17845215576120482,0.24376415811897928,0.1712107278459636,3
0.17739017060645967,0.11508796548439637,0.18188624089242267,0.7435343779306617,1
0.5489556798224612,0.6650440646244639,0.13080125680755816,0.8222764270818863,2
0.43157191445284204,0.8385322201946221,0.8971921495104447,0.42030633018414376,0
0.6784702240819611,0.6747347715491288,0.06552227595667715,0.8601660104447479,2
0.1283216849125997,0.08896112225860092,0.16026737963111964,0.6953681445719575,1
0.1700882370060524,0.10356534199388528,0.1273648339121673,0.7288545542979046,1
0.10041825831382839,0.1360577055615092,0.24590610335424923,0.8195993810064026,1
0.405175015441235,0.8070616789940553,0.850197501621235,0.4665165001855619,0
0.8434003326640471,0.20826702553564086,0.22900044549518994,0.1892293317829211,3
0.38334816418278755,0.7978007355771599,0.8547499950358741,0.45328015554506035,0
0.2887951811645679,0.8594265265303136,0.8637816318250128,0.44494852722621997,0
0.8959347501663748,0.19444598453933165,0.2441318023607772,0.09833299700307141,3
0.6116791807684137,0.6065059074819402,0.21895572576606398,0.8937318596472724,2
0.6201146899403701,0.6042763566466709,0.12449019583588167,0.8375030127234072,2
0.315467155291281,0.8506732322332525,0.93989054974563,0.5481495758686583,0
0.09502969675463924,0.17171894314906783,0.15967009052704362,0.6948785112776068,1
0.5689702417455236,0.6126153571548624,0.23624472116688644,0.8115410705585565,2
0.3880307228992589,0.8380929901760708,0.822948912229839,0.49615706830321554,0
0.2544147538413192,0.12536274427360866,0.17855680876552144,0.7764530713178911,1
0.016954830062755555,0.16533205851249816,0.14157138648468365,0.7249185796832951,1
0.17710518991905405,0.09243656150595991,0.24342402411902886,0.7167633652105263,1
0.8392623529197203,0.15055279865667204,0.2998302937058987,0.18408631597146125,3
0.6117043586737712,0.6637169553898503,0.23185267165591783,0.8689257551229829,2
0.09844822543112458,0.14860984752811884,0.11831536431259443,0.7426354541294874,1
0.5679634900001116,0.6235483188602216,0.16067489089398546,0.7975239460638537,2
0.6499766670491478,0.6007821155759901,0.15914693616592152,0.7766497549752123,2
1.0,0.27959883689626114,0.28363687418118816,0.10754403799105444,3
0.8833732582264179,0.25289153562244315,0.21048337909148213,0.03167577394157445,3
0.6422688778962116,0.6560976882350708,0.06822746872684937,0.8251771671342059,2
0.7853829558286322,0.2003570637544752,0.2944931716542929,0.02345108608093538,3
0.3482867939296179,0.8109994147945386,0.7945393545319973,0.4126611383707625,0
0.9315215279988307,0.14346497048567886,0.2079142840236134,0.09106444020627497,3
0.08269810472590589,0.09903507263544908,0.13854129012048327,0.7910747050333553,1
0.23667242668331057,0.18127245752324406,0.21988832184086232,0.7557646556228045,1
0.38983790927563816,0.8885511495265368,0.8552398883753899,0.5194098772874676,0
0.5819339620565809,0.5435293615952641,0.1913592537162238,0.8578030812949866,2
0.38247940535571173,0.7866799840445375,0.8503587935072969,0.5213238527455933,0
0.4017520876122516,0.8379487044270235,0.9553480382073322,0.4508905697929178,0
0.6001819714091766,0.6177833269144624,0.13949655756247042,0.8337130133742243,2
0.8614834985132344,0.12130885293042604,0.228047361742108,0.12556470831898608,3
0.8774485988250736,0.20952181188725533,0.24673191890507135,0.17355603627479502,3
0.12837187376253267,0.17969861089535516,0.19575816627190845,0.7122704983980596,1
0.40580497992847336,0.8043739653893291,0.8002491674254217,0.509606631074721,0
0.13368431604633718,0.07124656166409499,0.2184923442182628,0.7067095609392109,1
0.8344228111007428,0.13083478613768107,0.2567392069978256,0.054335985642401385,3
0.1930591834453751,0.15361455241006627,0.15708239486916104,0.6856799623285084,1
0.4947747253579109,0.6600308128704585,0.09640684487980489,0.8583999994193067,2
0.7457463756419846,0.15451309162032095,0.2558207673880419,0.14492710332980396,3
0.816737814825943,0.1430613845342693,0.3798830872381239,0.07365540453517466,3
0.5655321685904984,0.6271723619946673,0.14556761088972175,0.8121108778711461,2
0.6281901855857971,0.650383093427924,0.13500086365492953,0.8863908437829027,2
0.12511682489534354,0.24183510100599206,0.12809428539973217,0.8030272375945902,1
0.16195221086957484,0.11158425787628978,0.18739608555886406,0.7276854711530436,1
0.3424818455404123,0.7866266143247559,0.8230564067799524,0.5044306066235205,0
0.619368584251246,0.6547375107993134,0.11468603808668654,0.9037657330855093,2
0.30038806269279106,0.8570533412665209,0.8751572425714949,0.47341352839651174,0
0.09849204346569768,0.1420298976757428,0.08845248325335142,0.7488981834752939,1
0.14626035710979451,0.18710569444812172,0.0742806829031264,0.7342013623442599,1
0.23732517469963424,0.0873045702744139,0.041378984260549645,0.7160913765055621,1
0.6951904646385765,0.7528793463341366,0.16126217564802198,0.8144235055481797,2
0.31536097059666157,0.8247846620841341,0.870731913663026,0.5264885600937665,0
0.7304654363044936,0.18401557739527383,0.20144578154493276,0.1466536526074273,3
0.6727329274163605,0.6034356126368187,0.11856743758231836,0.8091561297107359,2
0.28499673020763555,0.7884345895998228,0.8712365515569103,0.5105941052490179,0
0.36165711973349457,0.8076167671771497,0.7674914220024451,0.49048843799223785,0
0.31920491222337544,0.8204252997030412,0.8609846910765124,0.554017317550509,0
0.36151932703819795,0.8561356965010152,0.8042767323812483,0.5818816053789168,0
0.5121808184356131,0.6382470121573135,0.1595211719994557,0.8198879548128785,2
0.3657072324493329,0.7708789387508692,0.8644646417791576,0.5149654530019612,0
0.04588629945152828,0.1793457632247245,0.13156382520972565,0.6924170363678762,1
0.13321903710662525,0.16556841886857343,0.19280168499038802,0.6907866187296174,1
0.269858115930042,0.8538481922886758,0.8120912423492207,0.5131596907173074,0
0.1339758353284735,0.06353749811848486,0.15292771655720772,0.6950405745485917,1
0.16409581651993593,0.17973150519562098,0.17754846151885084,0.6704437639493774,1
0.8413200760741184,0.1964632285602315,0.3039137650560798,0.17009792310745628,3
0.15194984448175786,0.15851699590991558,0.17731844101816652,0.7124324595698827,1
0.12288679187892393,0.13130137466400904,0.1571641634318114,0.6996537030707042,1
0.2813464468678634,0.7327458729659451,0.8674687976237925,0.4647201372688194,0
0.12867887799721295,0.15230698500341378,0.1797026458592212,0.7906096764951351,1
0.8437906929987757,0.14425332412195424,0.18276579652860608,0.16629224167074783,3
0.31936787810293565,0.8598648532716936,0.8086890070097112,0.4971672038668745,0
0.18604666312369134,0.14887146819284497,0.16720013232878578,0.7659361599414303,1
0.7269686756350788,0.1840807535874057,0.3325852381486755,0.10683413820660603,3
0.6119953374859681,0.5930586054497999,0.12950644439826392,0.7428073425280479,2
0.6277247820169144,0.6530348802414934,0.11602702033618678,0.8194630916551005,2
0.3864044667987118,0.8435975136672051,1.0,0.5379507151315877,0
0.15632374262125032,0.1164450006571301,0.20556217138095845,0.7567961032738459,1
0.3673243062145091,0.7433068318591851,0.7786648544372929,0.49628221388655047,0
0.8443145517177155,0.08572254936308576,0.32053043864524766,0.08759008935900531,3
0.9231017340405678,0.17766044875921772,0.23339274750922384,0.13264370696977817,3
0.31453211469286535,0.8076926661964243,0.8913440874760847,0.5022381821525264,0
0.17976551183028527,0.19925636921712347,0.10646462494041276,0.7022520558334916,1
0.5825220075753947,0.6450657835190649,0.13571608181387207,0.8812162334802074,2
0.42222798137873524,0.7985989532225399,0.8676598941982973,0.5223736526561156,0
0.3043796897958425,0.7959435151825076,0.8436280776275638,0.4979690472603358,0
0.8473667057724037,0.18542651027802662,0.20014931273899234,0.07214052366001755,3
0.3125446642479195,0.7629515513448692,0.8229448272337101,0.5260660377350075,0
0.8869844111847567,0.2418262337209975,0.2467295675493979,0.07455186645191741,3
0.13557568441224915,0.06438867488373551,0.21462328753864351,0.6988344572614742,1
0.13803033766411804,0.1280418853844834,0.19040130496108781,0.7827749151678935,1
0.4533038998124109,0.8507776584940534,0.7855394766032869,0.5170412995207175,0
0.3995734322959717,0.7920445278976984,0.8489643043951854,0.46582186273816006,0
0.21892325979333388,0.8780560003472118,0.9079519105166791,0.3937607290126128,0
0.7168265184426361,0.6501864620518593,0.12982354763377396,0.8108246228212044,2
0.8059244911968322,0.1696115054955174,0.24303131911393988,0.11076517685562975,3
0.8723355324078602,0.1586344973473715,0.31324329873276746,0.13721934634891336,3
0.8160989759033268,0.12426015584874939,0.31228534354248405,0.12370228112153003,3
0.33204317641291525,0.8400997934449737,0.772643228965282,0.4238330669224072,0
0.3436596556109841,0.7997332898225831,0.7950659084984701,0.47469811788428184,0
0.8936038570231482,0.12212305374851967,0.3294816996306511,0.13900873466300073,3
0.1733189473573104,0.15205276564405762,0.15645722169799298,0.7124416460701166,1
0.34489024164266546,0.8613841821537715,0.8691373577810354,0.48410337164413636,0
0.6069726824366052,0.5485564680286906,0.204966608962873,0.7699610723610283,2
0.12832767849974347,0.14028012485956193,0.1277965169551437,0.7481569632831606,1
0.026239978798886787,0.14442682911867272,0.2301140044535298,0.6743811883539667,1
0.7418764063497892,0.2436952778798479,0.29482523882011563,0.13235145003297827,3
0.6887194744305722,0.6327425086605524,0.08718278330426876,0.8468395432292438,2
0.5947422782494447,0.6277857739957995,0.19912691361597307,0.7635918584868692,2
0.35065718983006094,0.8200930857420143,0.8762152076169405,0.5216002501592903,0
0.14135714040350733,0.16909338500084126,0.09722278676425233,0.6494911964864063,1
0.324687536248794,0.8127297000050258,0.8597270034579333,0.5024958429568683,0
0.6904407888864714,0.6873432174132962,0.24222416712232292,0.8155141504733767,2
0.8079525998653592,0.17063638515477614,0.27413805447641343,0.05147008936536529,3
0.02698907579217752,0.16093733433045754,0.11458091966363043,0.7398110049343611,1
0.19738208518720468,0.054486708654797045,0.2203143957542305,0.7798874198839303,1
0.018036982921644462,0.09614738656059801,0.15785350839045442,0.6844272483427574,1
0.6736489119308285,0.5707063546718318,0.09006733970833813,0.7659059022762402,2
0.854761157329285,0.2263120416011085,0.31618095286613274,0.17313980699676862,3
0.4926332873345944,0.5775387782477373,0.11001843806352185,0.9079418377463861,2
0.6213727463324084,0.5366667275520014,0.1127292558094683,0.8362940170704796,2
0.38887257465962977,0.8576013999441727,0.8447549820990825,0.44687343329234697,0
0.12412984359266394,0.14767989237761292,0.0895632896629428,0.6781236457420949,1
0.10433078284502256,0.07846168468062614,0.1755327546177914,0.6491466110100501,1
0.6047694082081115,0.6517648359795121,0.12910274101745806,0.8432319013733196,2
0.5543309929516522,0.6484376520027076,0.12101261812410397,0.8197977657643145,2
0.8824828311106716,0.20073368953769563,0.2373203846420689,0.09740807931716061,3
0.4059906438412619,0.8586191693498517,0.829536351414763,0.5216662499937459,0
0.5818185432887725,0.6562388185617478,0.12438498612589527,0.8909381292037002,2
0.3939347071310574,0.7799894409768502,0.8190271835639447,0.5094917199171547,0
0.12342173193824751,0.1464351807365485,0.12388473209059414,0.7092519152259694,1
0.35182954105130004,0.8934516843682024,0.8113997478489476,0.5687202602589635,0
0.15634939302549516,0.10438168984266127,0.10970058086441048,0.5992994645739849,1
0.4497707121427668,0.8581533206633002,0.8166838527971152,0.5132492905653693,0
0.5057576919481999,0.57313743564345,0.12462807375777785,0.8269129871004863,2
0.11626859683986213,0.19850843975137514,0.19662798931703923,0.7156634488237243,1
0.8687932139089243,0.08714271812467583,0.35096167152207824,0.09716126408327497,3
0.7292000149904683,0.2108451164704908,0.18903554091744668,0.11363117902739905,3
0.33393939968059405,0.8161977965296547,0.8565262244261929,0.4657725867560055,0
0.29420087929313954,0.8150791866103428,0.8215169755872218,0.45788876255819627,0
0.12427788617588764,0.12045168799865302,0.17197527006951963,0.7814757924646477,1
0.31183792031791535,0.8128686375375966,0.8959088706044861,0.46134057046110605,0
0.2641855982270155,0.8959215934383964,0.8782341109225794,0.484882098271592,0
0.07834462392712499,0.16945465417440647,0.11911380834850227,0.718862811082602,1
0.12138838181182748,0.15755576448939534,0.17916438293082382,0.6950490225506443,1
0.5163286001224295,0.61500208831414,0.06789217803963454,0.8391175408621869,2
0.8355093413096786,0.1710391184174091,0.3526006131785537,0.10856548335717325,3
0.8283859482870892,0.2013585239027388,0.18245410812914015,0.10502477376714586,3
0.39337884040466237,0.849471775448188,0.827241325033671,0.5397459922665588,0
0.5674609342244581,0.6088745248563756,0.1270770051742151,0.802300086110836,2
0.8370785993525797,0.26785853222172984,0.3066794635026252,0.11133998460295275,3
0.8888343137391976,0.22454764122041168,0.319468580556856,0.1286781973945899,3
0.6735231980765943,0.6590563999648914,0.17444221659514675,0.8021248683083035,2
0.2988566138578259,0.9072373114373471,0.8923624183801613,0.5448139346064617,0
0.6357866561483869,0.6094692205964483,0.15040108736338254,0.8180350622888037,2
0.7238902665715407,0.16352898537699223,0.3752847689277219,0.12863244401663715,3
0.46717236325623257,0.7436416901484459,0.8377469797580992,0.5139598359169939,0
0.6007242675654447,0.7473740048550226,0.14924680796590484,0.8085378405502425,2
0.8547910198780497,0.14121094714883992,0.3002511999026568,0.1287901562843352,3
0.85794682400079,0.24343802306812923,0.40682826967584385,0.09408403264167009,3
0.5742414818052344,0.6306546429146682,0.20884511303564873,0.8612608167552027,2
0.39753389553293883,0.7896904790415591,0.9158222779658831,0.42408652938409014,0
0.43694385793930945,0.7857614465487692,0.8948054555177325,0.47772878011040565,0
0.08157616724292022,0.13843445644327673,0.21743419095844885,0.7516356750111824,1
0.08115659499475342,0.17586760628558423,0.14153948200416916,0.7654977371745966,1
0.8201664834034318,0.26806990327270785,0.258852688536748,0.09414370681870682,3
0.12281534873572397,0.08486921359286465,0.22405772372770627,0.7235706897293404,1
0.8857676955196763,0.20344537613456448,0.2862450346286605,0.13853164367394594,3
0.8662405170411616,0.26340431239491385,0.24863792477174707,0.09527574785048865,3
0.8418885953158917,0.13774792184239248,0.21495664832429434,0.12399591945663618,3
0.5548111207649624,0.5599566039278111,0.11989165803238827,0.8087657516231523,2
0.3083862478648174,0.8272229499673542,0.6825845952172626,0.4411322668251655,0
0.5746173352984294,0.622389660865978,0.17222958537155253,0.7835379896049401,2
0.6855199054504322,0.6059064089594866,0.08822032581816819,0.7932489650071992,2
0.8239303907202236,0.11438199925206222,0.26639974650781556,0.1346388582132496,3
0.6462194244458419,0.5714586082031012,0.11150675303314961,0.8339951198193971,2
0.8357885195913605,0.08366298997350247,0.3157602267681452,0.06810318812261607,3
0.7859910816025288,0.14622048663352671,0.3523508614786739,0.17720903685858277,3
0.14439814557153835,0.11647334023392608,0.19792244898281935,0.7075609335954931,1
0.5509615077263962,0.5850395991955681,0.08477715318367507,0.7851324514543947,2
0.3906589113149461,0.918628458246524,0.8364832675362004,0.4513422032657466,0
0.21343581194031946,0.14793680521651836,0.1561948309741265,0.7725438124312829,1
0.32823722446410614,0.8347504448145469,0.7875639528027611,0.5043582410341008,0
0.1523516561360076,0.16782785010681261,0.04978402184813646,0.6834088676737942,1
0.6264245294077695,0.568199527744103,0.05275677404338264,0.859631207431858,2
0.843594006024986,0.09562377551144918,0.3230465167223763,0.12581050610575473,3
0.8020422796062716,0.19236325129359946,0.33961403583071886,0.102288307634328,3
0.6378260154142393,0.661255702516526,0.038070172121046575,0.7807209640952109,2
0.866203462443671,0.1532556513509144,0.34306417910966625,0.08987644726591604,3
0.795029323586036,0.21545821718972893,0.3755912654167112,0.1606933976163562,3
0.10464762713725845,0.08580550022439426,0.17461789994200722,0.8023752213789264,1
0.6930364455460375,0.5932006743934628,0.07760957552609915,0.8896063317081622,2
0.83913405492672,0.21519572679189242,0.3275469841657088,0.13865420575559517,3
0.20823309092542502,0.15576590859070077,0.1170195470443916,0.8127352521147103,1
0.6131602774478859,0.6359961900596685,0.1329762850258186,0.8479012423682456,2
0.6271037219993192,0.5552112528259345,0.19165805257593083,0.834494137545557,2
0.2167563254462367,0.10345923923428751,0.19703296728831388,0.8025431286646039,1
0.8940084287463708,0.18387301624548819,0.1939580433819984,0.06189544399747876,3
0.2768785746493765,0.8862778271539369,0.8620597823059416,0.45359158744907746,0
0.421649130465577,0.7903432151120768,0.8359848357495306,0.4675345671316287,0
0.41140929564028805,0.7521805342159407,0.7859435180851055,0.3953032605479323,0
0.5020775834442601,0.5856126761167764,0.19076235028553512,0.7783883090390695,2
0.325903039307305,0.867372757508537,0.8633003589790778,0.45610136692770537,0
0.5693581470959239,0.6415282583870459,0.05052861102161832,0.843567509326833,2
0.3776709089429081,0.7546605471716583,0.8970571053719085,0.5087340897356607,0
0.07778921944007178,0.09797610400386841,0.19426693619809438,0.7371166105446529,1
0.8558078886125626,0.15336026936235175,0.30863814483753005,0.07236944015313307,3
0.38487576489118874,0.8209223323011108,0.834437494068252,0.5370115029047322,0
0.5336941556273134,0.6701131373314507,0.12296121766843554,0.7979365044729035,2
0.5606265835834761,0.6783521113870011,0.21812323124496263,0.866900322273888,2
0.1671833654250784,0.11144192860921681,0.2551899798855749,0.7109599107565094,1
0.06764174636364911,0.14754235737913313,0.22855521465237183,0.7014699692482462,1
0.5601932570669105,0.6914688815216772,0.2308605160061749,0.7880752427109234,2
0.6270912508948021,0.6062920437372491,0.1846787969787203,0.9294457007652968,2
0.915504334007059,0.16345256790939372,0.35931663483597326,0.048816210619028466,3
0.14286484461550514,0.148562103587686,0.2229882625739732,0.7334317268781594,1
0.35443348458907026,0.8599488932083224,0.8467922766181568,0.48873597381156825,0
0.3331314882456812,0.8573586987092816,0.791751184005437,0.48096256189144254,0
0.21649020366172322,0.14641250592023364,0.13304940100739904,0.7264884841324795,1
0.12071695619695455,0.12859538163788375,0.11339907415281653,0.6639761906226486,1
0.5663505935189255,0.5999940669368176,0.09211951503777238,0.7641655419666228,2
0.8552442871906574,0.13429323726924436,0.29571210225193006,0.1325262307219831,3
0.5299119163292992,0.6880813596863081,0.0855591811600801,0.851525332679215,2
0.623919546450221,0.5652416708747305,0.18297793926407457,0.8192750043239636,2
0.5602908231957382,0.6053984124213329,0.048451406385262796,0.8049729528282824,2
0.15763090409325659,0.1752725194512087,0.15012811540794158,0.6911093670227838,1
0.15041419970736192,0.15648948666401236,0.14419008875731038,0.8000860530056422,1
0.11679295715623489,0.19889258754734065,0.1931151823250828,0.7621930268277988,1
0.6202492155378315,0.6305774186712432,0.15041269239115057,0.7627947302776639,2
0.056914620716713715,0.2051739444338216,0.10598678716284193,0.6977162789313727,1
0.07456871857530423,0.1468226958644504,0.159058150656943,0.7735211732356044,1
0.769456934748719,0.07538640992604267,0.3358416081716176,0.07494584994492554,3
0.5895925700025526,0.6095961894354102,0.14755823280645225,0.8873350043669725,2
0.1577952262694069,0.16143394318031723,0.13950310120643278,0.6119989757488187,1
0.7723980524365406,0.2138949581614442,0.2895009091912025,0.11563696883624203,3
0.3623766462497908,0.8590934546370614,0.9250242213839154,0.4314941535283138,0
0.8056727049346398,0.11706208763543596,0.3089704278891565,0.10959121632511759,3
0.4161235782353675,0.7987973794282965,0.843612829835606,0.5673591877902786,0
0.36592337373576644,0.8408139380246624,0.8222996680505376,0.4490144048424113,0
0.6446333959009192,0.7077678980308254,0.05113836777463865,0.7378015751273708,2
0.9197046441416025,0.2614642868039753,0.30061934522753525,0.15856733231373704,3
0.06775830662323157,0.16849998168711416,0.2187090805512485,0.6987226388724725,1
0.018874573352773982,0.26647979328108395,0.2214951636634484,0.7390881075704023,1
0.391870433434662,0.9114079286998391,0.8746965453698676,0.47116708207710445,0
0.8677965174570381,0.12728392782243536,0.28714946751547715,0.07599487592904325,3
0.3742705933499468,0.8500233674030526,0.8739853453605015,0.5076101396726052,0
0.19139241163452436,0.15918819597807216,0.18610776146805708,0.7773334771805441,1
0.7837340204323193,0.10711950857008251,0.2763260321895795,0.10270665379273264,3
0.41183741103969695,0.8814913854188952,0.9147859148515223,0.5166870876901677,0
0.5306289160968554,0.5760069915829689,0.16078531835111431,0.7798703041555923,2
0.1749108369776346,0.06846484582252726,0.17480418946624204,0.8165663506409375,1
0.3596114968423364,0.9386359625101562,0.835709146812253,0.5010096968241806,0
0.5929497273740226,0.5307574220968734,0.13009588736560135,0.7915492438611419,2
0.3213595625714927,0.856865236945693,0.897149710409631,0.5294475770553646,0
0.6351661655189436,0.5882762121652513,0.10275139173344428,0.773014940244688,2
0.5600887247569972,0.5917266897202847,0.10325527481877173,0.8603286490368457,2
0.8001945067543604,0.17426398746177268,0.31413680274469963,0.13123167930500274,3
0.49715844709551293,0.6274625193081409,0.034752098085347405,0.8195969963361507,2
0.7528698920132921,0.052597776951999964,0.27009129900024126,0.13726194123291496,3
0.37405114736586054,0.8115114034958899,0.8771501129913217,0.5899336442369806,0
0.8320835410350702,0.0855291615083944,0.30080998566038114,0.21226098155750206,3
0.11821673033541935,0.11568245459157966,0.18389587445046518,0.7658445291329804,1
0.10936899467100686,0.087170950975265,0.24958571227935744,0.7144513839084988,1
0.3437525033353451,0.7965645090066658,0.800696162300024,0.4505513380535355,0
0.8550935268303032,0.09509757815174158,0.234401737280878,0.09955990364450124,3
0.7604713027324799,0.19319671289999701,0.19339778086938808,0.11446558984016303,3
0.8537903506904625,0.23054833295584898,0.22386048552773508,0.08030867729786573,3
0.16878993994172248,0.14474046666849,0.23323202350286187,0.7594068993025256,1
0.5686420651028585,0.5943601185161759,0.1456857055426175,0.8436132157115425,2
0.3724583565121355,0.754325580062017,0.7776604303331724,0.5209570277298723,0
0.12274356098106548,0.12855603889177603,0.1290372811025795,0.7582824075601267,1
0.6370122873081999,0.5868403825063363,0.07036276657496832,0.7756391011317523,2
0.29306801509430913,0.8613399279918454,0.8333002396667624,0.4704658262369793,0
0.8764226309828583,0.18381562768220944,0.21354860464016712,0.07609160741755344,3
0.7991369853280539,0.1649536369495162,0.3639923372091231,0.0,3
0.06692503752249812,0.15440202426664346,0.24533561676766896,0.7840445765835022,1
0.1379931008914586,0.08252213333472203,0.2320244211361589,0.6898916559357615,1
0.6235855730503616,0.6687031367402949,0.1237874779223424,0.8023664788644593,2
0.16182675648090372,0.2187725631603522,0.1695013735398308,0.6961313123218237,1
0.8756512457035052,0.08372952923976745,0.28777295955855553,0.08512350790514156,3
0.7869030608007619,0.17629626139877846,0.29365460810255856,0.13368942015611657,3
0.13304358697659363,0.040664808279719855,0.12128102170114591,0.7225001411495813,1
0.3266153503386281,0.8352400900736537,0.9739446094883941,0.48305429169746283,0
0.21934272008772543,0.14717673185860486,0.17036569604285046,0.7344273925529372,1
0.37101405298102674,0.780146781599641,0.9682025106433165,0.4932276805632365,0
0.35462699394873365,0.8989511471745127,0.7137991692238724,0.524508231951131,0
0.3333682665718621,0.8940376066179064,0.9247005521248599,0.4637805753626063,0
0.8389699980259048,0.22166588317469052,0.2229289419727703,0.11947036632390062,3
0.19142132129494754,0.07369250404176997,0.19846014753512697,0.760670952652255,1
0.5451714200218676,0.5975130100046382,0.08077824076562146,0.8521008487576538,2
0.8180812429918818,0.1628184404391802,0.3409789264357319,0.13323120792823323,3
0.18813034997650468,0.1256376622731729,0.07941043763977707,0.7859936079422112,1
0.5589788624423104,0.6832700094869777,0.10388141887425284,0.7455944415294534,2
0.5933341694403923,0.5820385333383471,0.11921949324181447,0.7809592986060977,2
0.6268740217939941,0.6021967333506227,0.11424507401026157,0.8557467078565381,2
0.3764157933018082,0.828407870456185,0.741537361030997,0.4833676863956623,0
0.7889557908995254,0.14591626142456526,0.3956970109424536,0.11237690834188874,3
0.538216652027792,0.555797977238862,0.05433374820560577,0.8729439186554772,2
0.16153428102519535,0.08273776259011606,0.15553089074867182,0.6536559408878815,1
0.41094892610367983,0.8062141694284396,0.9115332403050591,0.4963155576236671,0
0.6011717330290302,0.7344684534226229,0.14835878681930598,0.7773546697986728,2
0.8483570922668497,0.1862442199975625,0.22896375312620731,0.12530461131795162,3
0.5508462895486317,0.5545448818942483,0.1460494716665912,0.8552812035283845,2
0.3615546201889505,0.7957133278979645,0.8466010181365301,0.5098811558976633,0
0.12074002323211469,0.16693244927530487,0.20121852362099107,0.657819203127924,1
0.8686947362028536,0.09450871434249258,0.27405085314019234,0.13209454504525148,3
0.19178980350093622,0.12090622036023752,0.16708574589299474,0.6868618218199555,1
0.33162099068186557,0.8216525092393013,0.7898068319801611,0.43337315401901666,0
0.3697718279550428,0.8732503637536997,0.9290148043042346,0.5331998065995327,0
0.19700090598325304,0.12689744142391668,0.1182693204148565,0.7062119876988687,1
0.19131315671268917,0.24227029677786885,0.1975678446088332,0.7437194611148071,1
0.32531801800895804,0.8169696941737299,0.8151506707564055,0.5710386036660587,0
0.35093209489954624,0.7841323488848739,0.8175642422674385,0.43329768179425404,0
0.8497465332651164,0.18150313311430866,0.31061243377773134,0.12099744918775829,3
0.9279958907637997,0.18757718342778415,0.27535124880684864,0.039569871521232036,3
0.9301890176738552,0.13581250307895582,0.2508477286466785,0.14684862443804614,3
0.8979746895594514,0.19260243688152598,0.2321297690432363,0.06378642028644682,3
0.6966767479229501,0.5553341013710504,0.1403184283949132,0.7928021974514425,2
0.7555973551952218,0.15553087194908083,0.34173265294007965,0.13563114004011734,3
0.2594078610090517,0.814327874471686,0.8462950712580134,0.5630978677718971,0
0.8683505339102591,0.16695676510093593,0.2412026366534215,0.16789123495222494,3
0.5716529246105195,0.6324499201922196,0.1378851835846452,0.7264829172269787,2
0.14182941460319892,0.059194324286288624,0.1850747805852362,0.7666479804504271,1
0.23738631341470134,0.09747075337795941,0.25564198248398534,0.737944323456045,1
0.21445912598980343,0.07728129744726736,0.18365624989073165,0.6949448633055941,1
0.09732960552712411,0.2124367555453616,0.15888045564605668,0.7388259146161447,1
0.8882089306489673,0.16105572767510234,0.29369489569584717,0.05943574797315432,3
0.5206283636448056,0.7033000684900944,0.1765620261711197,0.8274721151410979,2
0.3233927761763453,0.8064013436079971,0.8140742000170305,0.46230763161538185,0
0.8243348425263972,0.19263175391564547,0.3444519664793894,0.15173865556422544,3
0.3571607485529599,0.8940442134064027,0.8320782473758681,0.6102313862431932,0
0.8539370354634697,0.1810817648333718,0.26292689150069587,0.10486638275509641,3
0.5333817497867958,0.5750162836510522,0.18190064455062965,0.8349567779317137,2
0.8323596481848134,0.3043516229614579,0.20894805861528026,0.1601568212125043,3
0.5745797783456846,0.6421745470434889,0.10346394006060844,0.8153449096070926,2
0.8239106853799375,0.16324641237253057,0.2403886013899113,0.05940958277669789,3
0.34253302325973434,0.7809842509344925,0.9746113301899566,0.49006645117236336,0
0.3194954236013836,0.8345520485722872,0.8325643845834974,0.5553105154146438,0
0.4876123760610041,0.8064070045149303,0.8207890400288101,0.5345451193676292,0
0.30584653350041346,0.8763837654166053,0.7976885983296068,0.606267039495629,0
0.3855344271710924,0.8775823022888471,0.8872519372798928,0.5081281779603092,0
0.4188188536912443,0.8118299310325987,0.7430097706168539,0.4418684128526485,0
0.3624135049595719,0.8364895476890812,0.8271084332299136,0.48482063948390397,0
0.09575694422555847,0.04706109951048826,0.19413107101801913,0.7910395016999744,1
0.8268880252741075,0.16709717498791293,0.3488402467941774,0.12076437518392091,3
0.8194662029117841,0.21053978469575718,0.31392096657982543,0.12439523095844474,3
0.09600592680906894,0.07385447402837009,0.17016882225084928,0.6942359908149178,1
0.4603696161549348,0.6024368936004606,0.14291071567801322,0.7707181781979544,2
0.5082083411791469,0.6236946732650255,0.23242198570657552,0.8230034887828487,2
0.9419686158926837,0.23647024580647064,0.38919594370128463,0.05712178853862304,3
0.4798920889801733,0.6639895421618623,0.10674230962063613,0.7837346307510997,2
0.38343573076666754,0.8975421376025479,0.839907812148908,0.5055329847015411,0
0.8422101844524925,0.2497420189570573,0.2559347964582826,0.1944472899200836,3
0.5771564791044659,0.6031809207133163,0.17048553062919158,0.8380526734078586,2
0.14520064953706152,0.09470600602822504,0.1470441923496018,0.7808691947192036,1
0.8633760722723789,0.18460670040482785,0.2632925202891453,0.12247138263594398,3
0.8669426175564994,0.14179616597875028,0.290287360958801,0.10510442885345095,3
0.13953558739808614,0.17211657556969684,0.03269321725559393,0.7596188725586992,1
0.7772176609244028,0.21112756962450455,0.3615818848204978,0.143740495586208,3
0.5139751355805262,0.5868289572010579,0.12660037070075358,0.7572324001120383,2
0.3694269544169901,0.8995168587636877,0.8405840425883908,0.49999246142346215,0
0.41849882359117563,0.762583245944179,0.8172994405587064,0.5044266047554203,0
0.7994327202059405,0.20340974895585986,0.3177041233278312,0.16065550476999577,3
0.6017524231893323,0.5820479517991989,0.07400821313952333,0.8508172134045686,2
0.6287544940099066,0.6472532182255383,0.15281232763338287,0.8235822787240554,2
0.2170794474568553,0.1076416522841615,0.2226314050430726,0.7272679498448948,1
0.36701604090798184,0.7629119419663769,0.9230900610575808,0.5684916328751355,0
0.1827606269116619,0.2356541812270338,0.23797908382571792,0.7544723131756339,1
0.8001492535139048,0.19371058168024252,0.30837455909919564,0.027012067645556415,3
0.12458202673600122,0.12873982010021745,0.2040255523350979,0.7395386651979671,1
0.6035710010479909,0.637517807195971,0.16423542408653585,0.841734697970979,2
0.7822939136891806,0.1477761563772148,0.2539446460233705,0.14983641221502172,3
0.0888186319104241,0.1004888633960121,0.1600124058816071,0.7076879684339368,1
0.1648765035266832,0.10635972608956684,0.27680306974681207,0.7016536737808885,1
0.8354085036136851,0.12054910740225078,0.2578100205296256,0.07088470072860731,3
0.3034927576554385,0.8611349240418165,0.857614398476445,0.46191919898961215,0
0.8063737772868114,0.20564392234826612,0.2938863350329537,0.048872747242010905,3
0.2513983733695471,0.838086153371264,0.8121332935897952,0.5258869629476451,0
0.5488470071297565,0.5886588168080278,0.10422412681413706,0.7749837032766129,2
0.7633630879617734,0.2119460323445537,0.2424156266949321,0.07836711581572525,3
0.9440590475948962,0.23025251455173412,0.30342580931418445,0.15872338339872324,3
0.36985073709781247,0.8265640130949655,0.7490040260442908,0.4861948960646111,0
0.791225336134067,0.23643649828900878,0.2326436988143432,0.15270425172672997,3
0.5953703849590782,0.6061641851759126,0.08298286682669842,0.8261953323946281,2
0.4768554507069088,0.683257025180459,0.05927577181736665,0.8106547585689738,2
0.8484243739993995,0.1771844451721285,0.2519179094367797,0.14952428033444698,3
0.3284771211652441,0.7954794873255269,0.8552059420655063,0.44321023581701025,0
