feature_1,feature_2,feature_3,feature_4,feature_5,target
0.5569164495091864,0.27548200719363614,0.3004400691373733,0.5799008101024236,0.4941632344957071,-0.5832001363527609
0.17019266223108165,0.5320689689927895,0.2622211152055274,0.5098118518118587,0.41443664692637133,-0.6578373040484484
0.2657363542046558,0.6336566412119231,0.17762597124456664,0.683679239939895,0.649135103065705,-0.3646598815715617
0.39715909327980886,0.35099846775187554,0.3042471573672902,0.41920742633991087,0.4777240685991362,-0.7195920689190674
0.48597124529805835,0.39317255676650165,0.3745950607609385,0.3980480494012859,0.38380682445379055,-1.170927946591116
0.48395219036788306,0.681289668892914,0.6215482582289098,0.5415836493380869,0.2164919813877587,0.38858207666003425
0.6515470615988277,0.7309734336852829,0.4251946688771434,0.42511130093997795,0.4118281311657649,-0.16322977526931487
0.360287359165143,0.5072594657952206,0.5923450789329067,0.1373628733863113,0.4507603348804558,-0.5171102149630318
0.5484250835114896,0.4381871628684504,0.7342859439981786,0.27421719124653265,0.5504883776521613,0.4832153723642253
0.3611245497741687,0.4533170547389867,0.6567880660448249,0.528255770230643,0.4956842642378929,-0.41053971560797836
0.27565589646341615,0.6628142154318715,0.6308033171767874,0.5966884599354534,0.5413022750740555,0.7161933140082394
0.5321424241012217,0.2684505895553506,0.7814497534884843,0.15209084565792091,0.693250591383425,0.1796319647413135
0.6245110853063387,0.3676245350711575,0.3923308769717948,0.674228765679929,0.5124202678916361,1.0626929788701647
0.39204095064837746,0.46647962600152704,0.5598378600158282,0.6405861503394995,0.4525162455720501,-0.21684049335065275
0.6377459736920488,0.6647690745986248,0.5279825952727114,0.5072247651364508,0.5307341803499064,0.44837791071097627
0.4051233863785171,0.5027668569099654,0.713066445951388,0.328774410850107,0.6140724237066986,1.0407240663556583
0.4743859170252624,0.32931614828864664,0.26469905095909985,0.5365318765323067,0.6089509286994017,0.1367001500716264
0.2742817783227165,0.4810351664788282,0.3865429126040872,0.5325575042042374,0.23057444829238205,-1.7351094310610007
0.35690549712416353,0.5105653991845083,0.4595289145864874,0.45818780311125085,0.560919422087371,-0.610160979741439
0.49336946424949646,0.7101808259235294,0.6445292516282201,0.3171366290888602,0.6477334332561958,0.7018597914030487
0.600165752568538,0.7803006864733903,0.7483604479497166,0.4138301941684764,0.29263892346802284,1.5208326151680196
0.5918109618154214,0.6165950282874043,0.3281935974961203,0.6288971096059052,0.4427119780814714,0.6777089791623286
0.303797133215541,0.2588050981566907,0.5745812331700056,0.38219782788633805,0.5895964125241799,0.6914412092345811
0.3996137795020259,0.3987144268053121,0.40478756861154475,0.7842070597393559,0.5095267783736355,0.57397006858956
0.2784270118166453,0.5217435949412221,0.3747836577171929,0.585067547886781,0.4470883437175215,-0.445565381874472
0.3814479952543413,0.40020477774035035,0.5448229388971342,0.17979951219998086,0.20652953159518803,-1.1852079625736225
0.7221116248901752,0.3937331888762196,0.3413497779174356,0.7375808829923618,0.7311100794841221,1.1820772561625374
0.06583283069239881,0.585149950426476,0.4046708139241545,0.19337827984405886,0.5246376491580693,-1.199342298093854
0.3780255869164363,0.6492655588510675,0.5846203655878148,0.8350753962616555,0.6197982908457607,1.4897191807782384
0.5424476646818157,0.42667599000491846,0.4554468879966392,0.614391680911639,0.49957950965938563,1.0466866170367037
0.5190511800363546,0.43354895003388905,0.6225365356936517,0.5952504719074865,0.31883999414912334,0.526064536773383
0.6621666117629017,0.46241629763612446,0.34924220663223626,0.15143883526165286,0.24250407984200284,-0.6344884678325016
0.6356348760703385,0.2653533240248567,0.6367579228673699,0.6274575937368634,0.28856379449601066,0.38155523372341993
0.3185641164010088,0.3240702225902095,0.40252734783646676,0.5421536087576939,0.42526528313761525,0.15161616332701888
0.5049142730158822,0.6084676943273023,0.8036602341419127,0.45383032229724646,0.3446888041648538,0.8576202377887522
0.3460886003424036,0.7772584206442343,0.5810905590960905,0.2984186180627052,0.5453151293290904,0.72467073749368
0.5890434088075366,0.36423465510680525,0.8592874506792912,0.6554488143837478,0.4057043427265236,1.1227551435157443
0.41183766729188404,0.6890620716835949,0.3702036161656973,0.5972612806005556,0.41215207547502203,-0.013241131466693631
0.5373156733077433,0.6904752755884271,0.5377153527127844,0.6106346945808467,0.439148805767902,0.7638402124787742
0.4435264119771593,0.31391480182174425,0.4280234173832538,0.632258942440406,0.5296922470226992,-0.6522255692993058
0.36751611906601994,0.31172689395602105,0.5561292734714496,0.344960770323986,0.2510016858529406,-0.13773175341501742
0.5204222031852619,0.3827437004252735,0.5031674775564756,0.8461170744158809,0.6976729667901157,0.6214151685739094
0.4521369453292922,0.24125522084568457,0.4601034857215488,0.4858985186865838,0.8247457517746992,0.23701019590974925
0.4507587746077454,0.1394969484851324,0.4568780655349136,0.7641502420663853,0.5032198962972225,0.18657185279187802
0.46660124292288074,0.1895290297773704,0.5575245385143985,0.46989625813342223,0.3856166525699235,-0.8131087364435114
0.3344572417307023,0.5688479382589396,0.4752178864365047,0.5551254274530905,0.36599221918592034,-0.6736827845903866
0.4219689091623863,0.7442180788930728,0.5102437777767032,0.5320506448585047,0.2726448093168367,-1.2523641477838388
0.4679409625872394,0.5307923303565403,0.8004346595898496,0.6502994541437104,0.36984480902888855,2.111156937958829
0.7371314284919843,0.7593989563861877,0.4680355878543561,0.6537738757466172,0.543725007425193,0.6355159749762413
0.49006585446201706,0.6074451397440012,0.641566230740076,0.39834874945799864,0.42813995282963074,0.2022863313531029
0.5470233505537252,0.2936446906506157,0.2670212161027189,0.7040663607036644,0.4991891487006579,-0.10670769580456665
0.2509809039339479,0.4438745482200369,0.672788838763743,0.48568192316615805,0.5234836118064786,0.03756477897550292
0.5754675420486914,0.562469294841695,0.5739508188657,0.4481447704830467,0.2699609563141821,0.1406524077916886
0.4922892633607712,0.6831435370662903,0.7095296393501231,0.5835611631126236,0.5722375286042395,1.3104496386138995
0.5595355188227384,0.5975080385026228,0.6929385496282617,0.6105197009267771,0.5019111590378907,0.6865452602049735
0.8966936864695989,0.5238378231446398,0.38938684492338677,0.42409745623784945,0.6152911770912011,0.25928594635290425
0.1301367057069096,0.3774068541404898,0.5400244054693459,0.6913172113002417,0.38193699061702185,-0.49640865505787163
0.4762654798271747,0.31630312975058794,0.5060454613460678,0.6229568599810881,0.4251326527569898,0.3964806668245075
0.4563079926387101,0.14885809668684957,0.7325160262860242,0.4099651209618944,0.4598616550705998,-0.26051881145566486
0.4623790253350102,0.289383097058054,0.5657409692080565,0.395463476573111,0.41041846730167875,-0.43432932872632973
0.4980602589743238,0.47668405765807054,0.18062429938273405,0.5205150940371686,0.7666668259456093,0.05284685455990673
0.5409820294674323,0.2989719832354058,0.4464293698081706,0.6084222619950681,0.572706874723466,-0.509208232695261
0.2463371752782831,0.3709586115436708,0.3378085188957305,0.7713404802541299,0.5773356457128629,-0.0942802474921441
0.6624488545124797,0.6726227637674037,0.4735915830040612,0.7390698692422494,0.4730637848784916,1.911439757091927
0.24136331817569165,0.4255174877211783,0.38932969851705157,0.54658665300422,0.642605567013989,-0.39122880800846455
0.5793719310094743,0.506557077549949,0.8117232795208915,0.662570078157467,0.35889162014030235,0.5286198318319894
0.20872381929214437,0.39930981475890454,0.19798457798885466,0.6175509199949987,0.15813798959508663,-2.2253497404090514
0.5449575243105444,0.4215374625054171,0.6904689839213121,0.554878376122285,0.43664982128939356,0.6859892293178566
0.21688360071295124,0.27540503965739205,0.5240897806547612,0.712439628798094,0.4964678009269423,0.6581088803118751
0.5098371496828904,0.22147918765578573,0.33073559958679144,0.29798791017912757,0.4722494431581447,-1.4907251457862452
0.3176469954818172,0.3409998705230258,0.4964692878059149,0.37654931399926406,0.5489425127498926,-0.2314235199923433
0.45683327093783693,0.3982758170094501,0.5818956027282548,0.5489669312546948,0.5995138407697327,0.8687685965571117
0.3116460710964776,0.25679383344972995,0.25928279732794424,0.5620017846953674,0.421461467017871,-0.5382016527875513
0.4933735404747697,0.6103224425659863,0.19513037082815893,0.5556036481363315,0.6265613972229859,-1.281003964174525
0.5409255005256708,0.3567916874477647,0.5198020400209962,0.569277131252519,0.659018247568915,1.152413615743992
0.3453146041661738,0.40102809750359875,0.6723246805801232,0.5506027092509258,0.20110629043827494,-0.04854966300402145
0.5574768941330369,0.5443286504048046,0.3557290652576304,0.4863081556723386,0.4514020169397118,-1.101620248168533
0.5930680834886524,0.22981269293478007,0.06399045898284234,0.4200226663540885,0.5304045704872595,-0.9262635824213332
0.5345153675469331,0.3028663017274563,0.4847068315164041,0.5139113142895138,0.5250980324454715,-0.2138971557601782
0.4338068159167354,0.4613830020812325,0.5927412600106364,0.6501632075274002,0.4434621697443971,0.3468551186409172
0.654264704726482,0.37784668221310735,0.4710724264209977,0.22478357375838387,0.39608198763987856,-0.19575144650383358
0.15335756606405176,0.5649790869657049,0.4212311170975217,0.8101647058822717,0.3417186074479632,-1.3079164293827112
0.5088166436509013,0.47234729925061403,0.5933935539994911,0.530935594009385,0.6459756789684616,1.057140663228121
0.4902668383189319,0.7508073730019378,0.5446338209886157,0.9215975251084496,0.5323633118548743,1.7531759849653559
0.35210946499741136,0.47139051269517424,0.6904071040099136,0.5834592660607618,0.3991913090903219,0.6537728563795137
0.2644789521062386,0.3630145444147731,0.36336971652804767,0.6978077994338949,0.3955472971735152,-0.4793993450661605
0.3407878115959412,0.42392536547568255,0.38246793917228067,0.6709324992642552,0.45494628282816274,-0.8878865473463747
0.4614537099047336,0.33017072209529186,0.2988983026728978,0.46307497910751705,0.583027476314546,-1.0225683513149044
0.5825995466424508,0.6678857297391143,0.31496284271558694,0.592298467413968,0.5516625998937069,0.032404491916177725
0.6023054802195887,0.4340771077193741,0.47007640715504273,0.4272967184799906,0.3758405943226222,-0.8904882225495107
0.27921041098391086,0.46745646959558496,0.3433497550568603,0.571926761788868,0.4933043733450264,0.3832804284798507
0.638749269348498,0.74084528609211,1.0,0.30955955579051947,0.486466647537538,1.6692429000165745
0.3304391176164243,0.9524542057206882,0.7016611184534307,0.2721686346787111,0.26378304604875946,0.6166829830889269
0.5086794654758214,0.6014936853074204,0.5785785552351015,0.7692622457350975,0.4511184266294936,-0.3987986272774584
0.3786800242168743,0.49926268795292655,0.7591493738947468,0.6414956413503683,0.41371362557346136,-0.03971049738722199
0.545221594279063,0.5436033927453517,0.583935077357462,0.40772071572389024,0.14558223371999163,0.3328296302725591
0.3111003842728485,0.5875585792979025,0.6799436968395154,0.6356790449887071,0.48766654976627133,1.1261603226546548
0.46996544280630187,0.4837527671239434,0.5340897731143374,0.5342279657427695,0.4201619946545732,0.3411357929901059
0.2747181265892512,0.5093008164688185,0.2004586661396885,0.2759291321511517,0.47991978064256263,-1.2576683951275112
0.22548638934267085,0.35792965848155583,0.4682616850943374,0.481917781034572,0.5402106636740048,-0.8027621286911765
0.5940135451298837,0.4989545801569325,0.5107156066647439,0.4364104766269703,0.6743240341697824,-0.09012370294205863
0.7010017998038827,0.4446499591820911,0.6195564679672133,0.2816652720686157,0.31585288723857097,0.9915985820850883
0.562123794098364,0.724239326594307,0.3313960795837589,0.34340343441386223,0.5966859496867168,0.505852978721128
0.3700769742164022,0.4491960850467888,0.5133771536021844,0.3294899452442934,0.5573033948360128,-0.29256075041188456
0.5443802360811392,0.5697372740700913,0.38185563642448017,0.1806666930317672,0.39599924258634495,0.6231765521836992
0.4065757806171333,0.4979450114727616,0.33709241323401107,0.35149375775948855,0.4658293255072038,-1.0435567363750022
0.41308054982981346,0.4161998672522923,0.4457007274751561,0.34259716597004375,0.6817161401343779,0.3451780580119884
0.13135672983937846,0.13256099629448803,0.41205515808057697,0.5693438659211912,0.06105738966480723,-0.5135669731666401
0.5386660814003048,0.21170169299857972,0.5820959172508089,0.32079527583163137,0.5689627148057093,0.4084195302823672
0.40449819312088053,0.7834623815975308,0.761298222748078,0.8586874694801778,0.4292889076229035,1.2547472849257182
0.17729046483398703,0.46442356788137373,0.2929543816936832,0.820651860489876,0.5815640031755155,-0.1323195076090042
0.3188356858294562,0.7212235506990671,0.5868714591700834,0.6634690219220012,0.35833166541329825,0.8270862512357782
0.5525138588397104,0.408215693249646,0.33021914365681904,0.42021095156522514,0.630755222632138,-0.04024774706155765
0.6714237143072579,0.5853232618875447,0.37990644034273735,0.48609161384223387,0.4291018555215691,-0.20363697853260662
0.4616705041214141,0.570035109784911,0.8161181669687819,0.2371457504238964,0.6819774535144407,0.914588488226974
0.6147865519931124,0.18788784781983447,0.5569746073323109,0.4113114434735798,0.4403171814382893,0.6392287452388763
0.4048187230337584,0.6980040896382858,0.4835061881700497,0.5147789410622005,0.4272934964301816,-0.2629411627436222
0.6778382974408989,0.5955408880330065,0.5187756697892639,0.23094775178857113,0.41690992211858724,-0.3821337491433241
0.37672544745734643,0.44599787575744193,0.3521344329263565,0.4883953517116025,0.3365423888703015,-0.813106387686124
0.5554898409048387,0.014853446636106049,0.6866589256589153,0.20831608016837216,0.400354046967502,-0.6726949896237494
0.38063663378298984,0.1984729937141082,0.7187403079571756,0.4753283898386015,0.6280049441170885,0.6036991241205278
0.1873488175610613,0.2685884383944244,0.4092470101392137,0.49843371994147323,0.5255561327438852,-0.7560957724447369
0.28587189433953686,0.4442043093477775,0.3948564142873753,0.18747938184734264,0.4401524437757321,-1.244005227788275
0.5660683423623725,0.13150539879551054,0.4914772039040826,0.3951049846398733,0.5134077785527331,-0.5325818975759108
0.5223182239830726,0.12036274403269953,0.4816185334373085,0.5176496021422186,0.5727794093938953,-0.577993408963911
0.5134888870397243,0.3257076892240689,0.5938663427850804,0.3432089568134662,0.3925403507276541,-0.5492478421522562
0.6027489453226822,0.45605496242898785,0.16714275415876567,0.6333764378733926,0.3757592911901662,-0.15922729885103926
0.5192130811679345,0.5680369573605827,0.4972493629267543,0.6788756713391578,0.4043890382857454,0.202391642363912
0.4422000775909934,0.5791125128071224,0.5262279062469801,0.47556034411233983,0.26708937042520176,-0.021055178586960377
0.46174600080813416,0.4342879285666164,0.7422211471366146,0.058598827049147484,0.6071911157330573,0.3866241343480724
0.5137423308911608,0.34686471214632486,0.5733576516954886,0.7043689720374147,0.13655221683541374,-0.19003655837843486
0.4985147275830909,0.623269139871463,0.38134910117917853,0.7393922922883848,0.4133447548143385,-0.2571130871023357
0.4515436265222187,0.49353445709329236,0.47896431016654306,0.5591792932912211,0.5504794342291007,0.06908887067987121
0.5129833129100764,0.36108504605308245,0.3955834940306411,0.4759649573775161,0.32435913943638905,-0.36556163524057483
0.5167414121717673,0.45316288020701295,0.6082838649821675,0.7443772954765782,0.41860409994252834,1.4059298771463469
0.4750112444404777,0.6612821458507431,0.34808895890929326,0.5042808772170574,0.5129174901931981,-1.000089166063943
0.6577538102237224,0.7759529800973644,0.49079885192341927,0.2905735343239943,0.7500669807881808,0.7853551679714098
0.3719289859975811,0.4213242668496665,0.5605229975446638,0.7494919750228166,0.5734002256966814,0.6854230347041467
0.4900654136789029,0.34216587347364796,0.5502408550767416,0.6905617203500939,0.36703869415668516,0.5737119608103004
0.28109422779709065,0.33077138791500826,0.6003912070692157,0.3383356423202367,0.5178097454430205,-0.9173774238662382
0.3398682241004516,0.4382624698991499,0.36241463263420803,0.6404045560969397,0.5991879810903795,-0.6904367167412999
0.4551939643753053,0.5203808757846329,0.7198017623108223,0.2791108635148978,0.022361918216825427,-0.3282405329721646
0.47534292476313783,0.2303952062679045,0.7490270296853142,0.7892055592207341,0.3647398420904596,1.5985824333445253
0.37471271972560144,0.315483078830873,0.48730212697274033,0.50330249478128,0.6075730335447221,0.2599945857324338
0.5303876235296567,0.0,0.6095683671180312,0.5261417262174851,0.44925302250383536,-0.41985157753348323
0.4997891320063601,0.3296422971328675,0.370950108445699,0.6790533468847361,0.2827100377807069,-2.0163910382213004
0.5354566059089616,0.3454482461034604,0.6470222254614354,0.39038026415025845,0.4879295281877195,0.44659505573983815
0.31812341601552463,0.4080158095622219,0.5607914161409724,0.551378761082688,0.3241901587062057,0.04628625116329815
0.4379165876846737,0.6299898996193961,0.3527963337102218,0.5769606948568835,0.37648062474859645,-0.04415495129222352
0.41882077171311155,0.5580264201324415,0.70602357245489,0.5149001510216141,0.385176453292398,0.35655693642686825
0.4532922140358841,0.25560559484736456,0.6237007321355794,0.600198575426688,0.7596568295573093,0.5025664081870668
0.4223787277387199,0.7523426788562589,0.29239346783154946,0.2290426238939408,0.6612016385076487,-0.09530017520356449
0.5191859975117035,0.4009422298470239,0.6253135252250013,0.265034713894453,0.60184000316133,0.4438232624220949
0.4794472361403218,0.2413372253164136,0.28683100438837905,0.3761083008811867,0.4215497452349952,-1.9558251122767023
0.19863742844517865,0.5973544504805629,0.5665950423745983,0.7060504083661441,0.5476805743353229,0.06804828883078617
0.4550933260601808,0.47777580910766726,0.5032033751816081,0.5266918878564357,0.4313779514566329,0.09143572253259305
0.5564286434241421,0.38638473779725147,0.378999786086318,0.49359260534850685,0.42770422668576263,0.5598737878096883
0.7867135313479395,0.6024102861398715,0.5039642794184119,0.4509546670937873,0.4551104843735517,-0.2520013060215725
0.5150531067005908,0.33864934250489154,0.4063171954757813,0.6633671954693492,0.40428972716096445,0.05385772423832294
0.4901215244379388,0.19895268082633455,0.29610291858814936,0.6162635884319381,0.4762216460673797,-0.5432819177407643
0.3744311944628297,0.4385536972336839,0.3514475317142064,0.07316154094464888,0.42473910371723306,-2.5718051222119636
0.44033559094042496,0.40691514300506365,0.4178474891412925,0.548284542239368,0.2360829917042172,-0.5196670160376083
0.33714562734102227,0.2959195007450376,0.781055007573636,0.6478768117079385,0.6328045875539112,1.7643199186541194
0.4287756690499291,0.7199089202182676,0.2799938856743762,0.4921608347726472,0.27375034915375707,-1.7059966739175805
0.3738569973542998,0.703444491830279,0.8665547685460122,0.4345334865592826,0.3885377948210261,0.5296470162319973
0.47880045293144946,0.6869158284583761,0.25554532922920514,0.5244819358020906,0.4888851605991541,-0.08263708148419391
0.3441003133440599,0.5271970572697906,0.7656243530689524,0.517130168935903,0.5936212295490164,0.34926627473856153
0.6496775546430489,0.3661361798255584,0.7886676342635135,0.4875491626846924,0.24837396399701314,0.5001901535196811
0.4901565790257835,0.4121852752803512,0.5490718506310279,0.4377613256297072,0.5403386671716514,1.2455210755209905
0.5873264029890366,0.4291424425194841,0.6257749772863316,0.4462117539762746,0.4434037066901622,-0.00996971087121351
0.5161407229834276,0.5222878444964836,0.8910181016208166,0.38936781992546304,0.37637544750498886,0.45548082651475374
0.2813358401026222,0.44351242248229106,0.8304246142223664,0.19320587401431244,0.3023562789449625,0.06670676721559994
0.37309120502627935,0.6451701672005268,0.3968082362057509,0.2627400950931209,0.23047009747491673,-0.6855592734851927
0.3921172532080178,0.5217536384626793,0.5592902984963033,0.6023443181884081,0.7378840728672705,-0.16840256209312476
0.36196152523346126,0.7750757786474467,0.5048657126836791,0.32036756732068483,0.5689288758527165,0.17367158190599274
0.5288630846819374,0.5558781355158209,0.6743031863804511,0.29703949820239367,0.12242234447420114,-0.24458285700787946
0.18660006697571363,0.32520154553170055,0.27289999140131116,0.3873495953925352,0.4400447133656881,-2.0889760535427855
0.39021228588643897,0.5117636501570715,0.5089464733670702,0.5101949774292301,0.34194695952657694,0.14317337718559614
0.6430637483246164,0.6112636845709223,0.6434980681538862,0.3354097110501084,0.44062079739087856,0.997519005714679
0.3575688042162125,0.5061415465036705,0.553469771306879,0.29875888383969595,0.6018534066401189,0.2859986244944066
0.4615973786345578,0.2597829576527982,0.412915044712606,0.5466864513137893,0.22529691379288683,-0.6604482225353833
0.4208234508795348,0.4785043050328988,0.5613432079408329,0.4054657567173604,0.3411937067661531,0.3848260184807528
0.3436536080361424,0.7812474636445461,0.5146893279932582,0.6204655972543391,0.365388853403947,1.2846432912790227
0.5536903867014117,0.5209977589995124,0.5232752798066347,0.4838631150726862,0.3446563087367983,-0.12556661220830784
0.5873796720981723,0.007137282730847461,0.8336261360564549,0.4712127685801189,0.6095634207752446,0.4466779610597638
0.4031156395035455,0.6608600900280973,0.06315351669360592,0.4914179801414649,0.43686084627823135,-0.5115555673464436
0.5271545936349984,0.6320991223625575,0.4551558661722288,0.39355794473466055,0.29754214901052584,-0.4425915359188189
0.36591332674935995,0.38708446901100024,0.5018538138258339,0.40486359079161716,0.35050582643091344,-0.2871918462159098
0.4805964954584341,0.6781812784150826,0.6305306934583975,0.653444964077042,0.49841261244515467,0.28312524258193794
0.25085081534372844,0.501036515063638,0.33533401343157443,0.2514916792100199,0.34673231922367853,-0.9759023598320613
0.23211454854579935,0.38513364149937834,0.5659777563161694,0.7513589895585565,0.4425609480207939,0.9626921073548517
0.3145986440121827,0.5588152634743732,0.5873397386362406,0.5787681617135926,0.9999999999999999,1.344004164712602
0.40416812382468503,0.054540721299258355,0.4504631306822117,0.4836017119752854,0.3081478809657008,-1.9898875228243948
0.56450723364679,0.29282561118310985,0.5898452000857485,0.7309934032927753,0.10030098899729256,0.008871054170101773
0.587176816306587,0.4000809598482725,0.6071563227497113,0.46284780220226407,0.4980145189614087,0.6428719847787632
0.46274465568545214,0.5826037077079699,0.7550507529263129,0.29077680402368594,0.7553575725981282,1.5190321976154797
0.47265525664238717,0.7667039573481922,0.7007643661958463,0.5285935767586096,0.38197486874842906,0.5205013759538966
0.2705522133767946,0.5732860850718815,0.6449853557067853,0.4198696272656303,0.385046813640036,0.014434233720320204
0.3691697972526605,0.5266849915033736,0.36851231479286445,0.5238952097613676,0.6373174596340523,-0.1589754137861244
0.6772511590949075,0.4397758973284918,0.5178272060209979,0.5257902481321843,0.7922134862553467,1.0254037551793793
0.5582141121841312,0.3284559265884519,0.726392342516974,0.2638261411445106,0.5354001771571315,0.35753523358408956
0.5278016609398469,0.556491403431262,0.5147621157411197,0.49530748146642056,0.35797792638394155,-1.012006313201793
0.6484445197542708,0.6504677493609358,0.3017285099479402,0.5963516781531403,0.6409671528327778,0.6731376983464242
0.567161032175431,0.29893429827555434,0.6462232780177419,0.5223798260345853,0.5306194412426722,-0.28132555606280263
0.1905749823821204,0.5983847235188539,0.4922022705118738,0.5630879665084029,0.32901943792544364,-0.12302295861493082
0.4338695505848593,0.4624433805753164,0.5151507716715147,0.3198920672485983,0.3499125545291879,-0.7831411444911416
0.2290496657216689,0.38830609903443536,0.5674121867746537,0.6317897403063677,0.3552878790469742,0.9314108823042734
0.5294205605061143,0.3987211632268134,0.6432592168880069,0.27300567977124035,0.46989313507629615,-0.023417732256588483
0.3785147322888652,0.6804095254286888,0.39628804122779815,0.5670655240249709,0.5621131279863684,0.29482592490019593
0.4051672796677586,0.6333333879915829,0.6506352150284201,0.28947854384956007,0.4597293786067793,0.827775991255401
0.49918264227697684,0.538458435461166,0.4986680871891186,0.6951765516844665,0.6078970589097024,0.5420545303495159
0.41631750463346,0.6271331226246775,0.762722752313483,0.7096552137211752,0.2965476072630393,2.446120377113139
0.40137137748455365,0.6898736046730013,0.28693247975103064,0.590409722839629,0.3471023733459477,-1.3144437206346546
0.4547313941272014,0.5611856897303477,0.49594991979468933,0.5740781131118694,0.4610865720935798,0.4133816976547969
0.4151397045875913,0.6145362354422658,0.5194588582380563,0.6813733536385199,0.3968088086841327,-0.08047186961600411
0.37186083375234896,0.2219670562864558,0.5612068582506589,0.9067899398125269,0.19014700483238595,0.21707036785455824
0.35164295691521025,0.41033721905982834,0.8184819948481372,0.35744127744232773,0.3736556944795576,-0.2375528457845799
0.4485564808444136,0.5531213463423845,0.46495712591482763,0.19243736560062508,0.39034855731647294,-0.6929663629964407
0.6211177839264548,0.40156777985192155,0.5002787159615455,0.5036800216942712,0.5726113864646165,0.2183391012486684
0.5497216948014537,0.47783140495891896,0.35776818036903224,0.42727189828840817,0.5495494450367214,0.28238347727179
0.4604281028382107,0.6321735674777028,0.3971665156608021,0.4403128898047333,0.3961336209380066,-1.1109502640949322
0.48718409972281773,0.34097840862299933,0.4071410401186501,0.36018269541475256,0.3002330614154257,-0.5800718402008189
0.48500553459827256,0.5647085466379818,0.5602494906695663,0.5583374549441968,0.26321199426522374,-1.031906047424041
0.48840560818462514,0.2302499103842812,0.7379888319671091,0.30228354784468847,0.48275277177665793,0.30996529902684866
0.3037105481427882,0.3443903062616341,0.31027513356335107,0.45569810055043997,0.5182581573297456,-1.3327833802487987
0.4976887081927498,0.2905583847950848,0.5239570224766138,0.4886874104517229,0.4223080272603505,0.5534879196024671
0.34127857675770706,0.7263772899547647,0.5250698909052023,0.6879028142789596,0.461519617774834,0.5968674446279094
0.46328153306289915,0.6821486341202059,0.41444730789856465,0.5840338522795838,0.4231507983482927,-0.5284893163192795
0.3890193138915743,0.5907207343721302,0.8638572223432512,0.3926699252242467,0.23354131515576199,1.0969695757007645
0.44459144953844765,0.5692068578066294,0.5256807991081547,0.33427404973748304,0.6221375012107748,0.4849956846842003
0.16966693662301957,0.8080554102664563,0.33442055328431936,0.4577955634508679,0.4125353442997791,0.11595648946852388
0.7146480121054036,0.46571300848799835,0.39617271760536305,0.2454472553855,0.19540177518777613,-0.5762713002319553
0.45289285709769306,0.749648817892863,0.4095863040551676,0.5261205746191235,0.3462914334191938,-0.43055730633622186
0.2035631277754855,0.3659465859444061,0.6937512773286122,0.3329437987282351,0.3858488532358803,-0.07003575200618972
0.5115640481371366,0.3659222117445464,0.8218971111580858,0.5165794592479744,0.39994425446149534,1.2362968981667795
0.3792277201686048,0.44549815691261707,0.3339315106129528,0.29761304568346647,0.5675035707925074,-0.7455680668243375
0.4033793520284909,0.5109643991100442,0.5459837453975003,0.7533189377651519,0.4383578691052259,0.1317951910078124
0.42863639359049227,0.1711882814428603,0.4211490612580133,0.5094012228952098,0.47465551085812463,-0.7465079618875249
0.5660840298286479,0.45688894750914866,0.4467667239042808,0.5830170365004328,0.5765574054244543,0.048198366005750115
0.7029342308515933,0.6008822159574143,0.5934796017938455,0.5325966961942313,0.41655909309208633,0.9124280227603653
0.49817590577344784,0.864206374645295,0.4979645182844976,0.5271871280495879,0.6013794887461112,0.37419853499196326
0.37189468864113856,0.5537762550298168,0.3345638615031069,0.6060928088619321,0.5100425519150501,-0.6288990271371963
0.07688242283700703,0.8877520294717226,0.5900363239775883,0.5186071346237694,0.6200030786580661,0.6693597958243424
0.7202882331805753,0.3334796946859593,0.44785144748640554,0.5321730493927191,0.5438834252912788,0.21614147673998377
0.44726954202167307,0.6390981526250048,0.7168013387308512,0.37215858275837954,0.38287541765321964,0.46010397097914674
0.37131402246722167,0.5334926929517746,0.392645677752235,0.6186718237456763,0.5494341131314612,-0.14204757010787608
0.19989632320279518,0.4124642218306503,0.5316985014891338,0.47827197589545195,0.3927394969744314,-0.6251578886236422
0.802822087881575,0.38967041805127195,0.43042208801704296,0.665700232323501,0.5489196693664106,0.1727288147255578
0.5137052802358241,0.4751343954386187,0.41480701702947936,0.3147070679635666,0.5706653473748324,-2.067523863857899
0.7219850448105336,0.39047726075646905,0.5347793114274584,0.5599451842532448,0.47055970450426576,-0.10270406423189771
0.4822922997724301,0.45672644834863224,0.5405608229653225,0.753428159216339,0.5921035359029754,0.9748218389829438
0.7423721186490921,0.3905174875939918,0.5120457394651429,0.38365919646416535,0.483676782294839,0.01640953622170882
0.4593717094846678,0.44360934339444236,0.4833157243977178,0.46212404226818604,0.6132034400689041,0.007383510384585956
0.23741655167059908,0.518710834091322,0.6461268172086421,0.5076660895588263,0.6034886167794282,1.199966433336647
0.3933254010958513,0.4425998894662967,0.41599430829644984,0.32742484251544834,0.3595489763943727,-0.5156178725289009
0.3134824827561157,0.5738894450506727,0.30096009488593656,0.6216466080727853,0.3093401817181663,0.12327610631607089
0.28712659141487906,0.5321854355940888,0.3749134683185963,0.5109850099967007,0.383227970092189,-0.6208564532271914
0.6762183848309073,0.4295321236548012,0.755764819102099,0.6056938578821895,0.43242567750618477,1.174583098387778
0.6434163862755905,0.3846086655207197,0.4742518024980897,0.21756202857715262,0.3372722906207089,-0.3803102325186895
0.5666499095995715,0.4533072184340683,0.5680506959497257,0.477187926168292,0.4896646762948464,0.7721606521336968
0.45020254040609514,0.5560600234569248,0.7339548086605521,0.6517529937457478,0.7582239597237416,2.346571958538042
0.38924635292492327,0.14591522336946416,0.34929889414341475,0.18678024527288378,0.4019085754451789,-1.7098022064066332
0.6604258225331807,0.5728984384164386,0.5182443690796138,0.45928157908321254,0.3164956012832252,0.5348467838607582
0.22186930239860048,0.3560065538360801,0.6090099035845968,0.7286499833376205,0.3922461679143727,0.0073575021911327365
0.1969084879154778,0.6796025935427439,0.3653084079520027,0.3867347270515279,0.36717636731625003,-0.26440085173299877
0.21151072852162306,0.5633960040642321,0.4033337824021003,0.5878950593206412,0.343334073411473,-0.2667959500961214
0.44934413770475407,0.7466385836354101,0.5581125987371439,0.4581493119312376,0.5699048673490095,0.9371737928379453
0.27473661754037637,0.3933461102789896,0.4838620700537949,0.41967935803236905,0.6585409990374174,-0.1669113832176438
0.32541177195115206,0.7024778082621946,0.6161381101060742,0.4213559153068135,0.3837023500762894,0.19354236726738555
0.5118583766380947,0.6022139924184522,0.46763286502419976,0.39597748108620645,0.6542593360771295,0.7046950548011932
0.604714657540951,0.4755566342361357,0.5055221636238099,0.4402746791068364,0.4739917721740421,-0.012976534947306717
0.723600733011478,0.48122601102046797,0.3975305807164155,0.5293034241465037,0.43593484128469134,-0.20153479360315696
0.41171599947799,0.5768598501967722,0.5141036466896604,0.5965713684653633,0.5519851565045848,0.3046879056828511
0.5411132028343382,0.5348098518613472,0.3599672919587589,0.40971987764709866,0.30123191974568553,-0.7984733307958972
0.5036389079554621,0.4716102052062013,0.3656259955025171,0.5474384989094572,0.28418556195287525,-0.4215194509527981
0.5295006843549518,0.4422687663754678,0.5199329600392488,0.37451006565510525,0.7006026329908762,-0.010175212496618902
0.41100295681831817,0.4197027007288199,0.5835027024482247,0.6069133188074505,0.33257452954857014,0.2452425561224042
0.4245204492414351,0.37175202606741825,0.7674598065817662,0.3534803008987668,0.4569741022396655,0.38289181845645875
0.3920018165308125,0.5063187254301719,0.5772405744340248,0.4103869630615195,0.4568140520679916,0.02406561314313077
0.4102732726689228,0.5325306702219514,0.41776639858982445,0.19502611926604219,0.49033258328720775,-0.30941247329918864
0.3260199191997653,0.38567946147600723,0.5389459898288955,0.29663664066292933,0.39562539254274,-0.8252912477787646
0.40799089068568895,0.10325371866375999,0.2699810392426572,0.7187212942222327,0.6859258700419327,-1.0213462963212927
0.5779766630241374,0.33980389138611045,0.45861197242843416,0.5485728346964521,0.5906945239319237,0.2558360857496899
0.3098313762812038,0.25240965685097755,0.4089500367851122,0.6358362691212541,0.5875050669162242,-0.20036290318704952
0.2541036282861566,0.6126908899868788,0.3141939939017031,0.5848886202531103,0.5409161024298899,0.744002567931257
0.5536961120266765,0.35054093451717394,0.46993531037700337,0.4144029151784081,0.4635618384306454,-0.5071136718646995
0.5271936984165471,0.6591681734829571,0.6561952834898515,0.60116909336051,0.4070646424454838,1.6137171266013344
0.5071020856967787,0.44525795431547366,0.6611579964411325,0.6892317964571029,0.8203030835287517,1.3062073519056303
0.4797522802214567,0.7262719313962469,0.35082114924343494,0.6558689090130952,0.4214726846333613,0.2308208436444904
0.567874418114378,0.41291591829369256,0.49987394426680976,0.49831827951584345,0.17882384610748792,-0.8098648208882098
0.46888987788658704,0.5040167751158762,0.40267294338370696,0.5266642704962677,0.3654961479150778,0.20933853738474428
0.3114674182544773,0.45567851275369126,0.5215815240156091,0.3084571690428023,0.7949970726258919,-0.07575256758566881
0.4255669301715201,0.4226894472650612,0.3439039879333097,0.30155173275445746,0.5179752738812456,-1.0816056580387499
0.5772576530800935,0.7843162777089847,0.2882224871997673,0.5866415613462044,0.35935478952205424,-0.09689768273432867
0.5085349621019705,0.47869557666663054,0.612221206116838,0.5913807110611079,0.40154905483072345,-0.1877839765480384
0.5623639826681558,0.5575601071404372,0.6738188115296581,0.68625957563399,0.6485389803269381,1.898468228395752
0.3962546070720453,0.370801916423568,0.6233782716278319,0.4643723093468071,0.35953539162528514,0.6160186529685994
0.44682317549788353,0.5727510179951115,0.2811389666733395,0.11688981346781163,0.37359572286920456,-1.0026557039635486
0.1598223224535824,0.4832038476281633,0.4680187427558266,0.2192944311289458,0.5094174032033139,-0.8986179497369836
0.35257139659637987,0.4656459172335391,0.34142281557507664,0.08372138690865827,0.4804316845706967,-2.526138769207348
0.5159967382367568,0.567665470120463,0.5375527709108838,0.47790698346541144,0.513935906162622,0.09276634959372887
0.7069706915645826,0.5699567081371748,0.45077884613112135,0.5911902402577348,0.6096375040867599,0.002339577504625212
0.39200214374009085,0.6573159936063813,0.6551824611622474,0.3671650118015061,0.5098213363394006,0.5625242418215295
0.4044097357139701,0.31289609685944336,0.5633112731346688,0.4058130692883006,0.5451515630205759,-0.8748608834604266
0.49791587164097106,0.5258362252695847,0.2114108454703147,0.8252520495551616,0.6355202204750836,-0.940969546452371
0.5181936607119295,0.4662411007424227,0.28871035063789174,0.37783889446111907,0.41453643707528426,-0.8905267267292226
0.3611656834933642,0.463034868167015,0.5735844070972022,0.5628572570526001,0.19926096458705578,0.34920155511573236
0.37027991499158164,0.3481218220611162,0.4098681235691352,0.4665213812891378,0.3847554061728525,-1.206989397264553
0.4860748466181001,0.5226751720454982,0.24253357007625242,0.3333818139281014,0.8438688600870112,-0.6596898612986961
0.16930528032341574,0.4922512847577458,0.8263844157718443,0.5397163731844481,0.4487451264092714,0.4469411514898465
0.25916302742412084,0.17856983043346525,0.5864333832048455,0.31286644539640907,0.1456465812670149,-0.9560888589160781
0.30348664901588945,0.43605016292648713,0.5008286792737329,0.47204951100217213,0.4994090745584428,0.3717253522045397
0.4013301870403882,0.6723634711917266,0.7449307021564573,0.6581671870798452,0.3905126630832204,0.6077449854638332
0.5625641222392944,0.4896005028651232,0.460208172662663,0.509223103735812,0.1691650676326305,-0.47983737325923315
0.46270985979644164,0.242923122034082,0.6507563555530916,0.3843724965691134,0.7184078622428116,0.8975887706902832
0.5293461591924853,0.40882709422254926,0.5472061590518065,0.45460629063210395,0.45303553702901495,-0.29310481990924325
0.4198794770719672,0.5106866503280258,0.6430668964684338,0.5755864059427482,0.4733129440023412,0.7884779818427752
0.5381593271981618,0.44849661272336816,0.5299248070299566,0.6923736470500685,0.3356981094791618,0.37776113329826644
0.4765369431477261,0.6473773484980723,0.44822280880408394,0.7161319336024167,0.6358190821197038,1.0911293504451365
0.1763722530669739,0.4712352919766214,0.5163976534736179,0.89885198947493,0.42454944379103343,-0.5556131509033313
0.24858277224865924,0.4620832153956061,0.2716187926312551,0.6190224536899543,0.46364230201324225,-0.8256841675984158
0.575509518023824,0.22554588777509166,0.7556485893554918,0.5884655916133216,0.6510193579610726,1.328837188214247
0.2215905564869754,0.37363475837610166,0.621464326886826,0.46179322434416314,0.3858236996070911,-0.8566765583273089
0.4961565197184157,0.554635072003731,0.6062556447030676,0.6764681323167971,0.5102148771694104,1.173500401140676
0.35989649905190385,0.4148459425469154,0.45728203501155507,0.7047181251883047,0.5312510482706093,-0.07914508089814504
0.3831048607304086,0.5070628198413042,0.38837156418418367,0.30838954243072014,0.5405007476226363,-0.6897353483833488
0.5586067643260031,0.42743113420127893,0.46843925047718266,0.6562063941017421,0.35062995523792634,0.7243164553139811
0.4746366439271655,0.370175053075803,0.43129074544768703,0.44151470079657723,0.5122559073309007,-0.497184670822087
0.5653937887776803,0.4158145198403881,0.052285652478727296,0.4325646259176537,0.30417236946198867,-1.5946321766028289
0.4156116688243213,0.5748469167045673,0.6254610283271692,0.4069869121759089,0.36999921901643457,0.08276964898490355
0.5305951497237159,0.3853760282742068,0.442378563159404,0.3418926370806069,0.44744200733994227,-0.6834538996490226
0.3308886435716081,0.5149325331481682,0.5452928508721322,0.4108574324008692,0.3849051012811108,-0.4594796868930001
0.2830403200451942,0.429733588289528,0.4599184334513623,0.29543276429490656,0.5072502112075639,-0.16113448839187094
0.5226007750084583,0.6489703097378198,0.4498934477546599,0.35626681805726523,0.3032810641285959,-0.7161393021870475
0.10969514587987217,0.6121410643218964,0.5061071531295684,0.687773923689831,0.2565356741015034,0.29417079393975215
0.5858753604794338,0.4632402575676478,0.4569484954515806,0.5190805071871599,0.3331079681867577,-0.3664869393183221
0.3476632830071963,0.4698647671509459,0.7839533734308527,0.3911377867687656,0.7097515170898399,0.08251538920223
0.3386208452075485,0.616595878405924,0.5356539580752879,0.8539265662298046,0.33692685478496937,0.5906228445430318
0.504248033150039,0.5645987859870578,0.5765453314897304,0.358494034890106,0.4731628006655344,-0.010779246517852337
0.35027670824803525,0.6033840597596714,0.19882669915188278,0.6407986942703291,0.27961447811298606,-1.6220644923602587
0.2663394357885387,0.616617984327509,0.6086768749138801,0.4778526563766451,0.7146151279736342,0.8962860501809466
0.08164166843231274,0.3871838455479153,0.5682601574846072,0.2511652786595124,0.477999097756048,-1.2837116046362693
0.4720978970279193,0.7006394129198746,0.6506136553611026,0.2361174125628291,0.31113106275088465,0.46191023969059347
0.39467826392106053,0.45426124289880765,0.6361815018390162,0.42238766924168747,0.22336455840161248,0.08018858034872947
0.48172586314217186,0.401234756389535,0.3740500157206483,0.6305692705856044,0.33012893454128506,-1.3604246048731088
0.4414092171094471,0.8617735069939262,0.6922101763713852,0.6129058040092726,0.4678189398226552,0.9636156098421829
0.3038793936213812,0.4893805771142524,0.36222826920614093,0.5361059798844613,0.32454349349843925,-1.0396766946547475
0.2923777298865141,0.3330865484653387,0.7883211142789703,0.3733551952683439,0.6875249371177552,0.07507765571739844
0.6929719823644072,0.626278276021285,0.46997649701450067,0.6807267783750257,0.29453437030001495,0.10429397993276524
0.2082614059659056,0.7228838444422835,0.4822623420183929,0.42401145071561774,0.3079336169080419,-0.4649132173316194
0.4944467455579564,0.4083622920498799,0.6059522653603566,0.8672165933139199,0.47778661059938515,0.34785227356408777
0.6628683301712874,0.38887269753592674,0.2399236085301395,0.3107046438107529,0.6277197587672178,-0.7025962014159272
0.2583890742329066,0.4089225823780273,0.5276121259443611,0.4194658844574658,0.4208091273193091,-0.4392349485392974
0.17167757020730667,0.4509762813409169,0.5989974075894995,0.5403133333292662,0.36332993803589375,-0.35462110271624303
0.5884949006842674,0.2931831372252439,0.6833966622611536,0.5195299719759352,0.40403689635808915,-0.07214599177067288
0.2959467065129399,0.7535284400776439,0.3667786356709336,0.5301778864760286,0.5645635747454836,0.11909987348688826
0.3019377503765768,0.6802149249755892,0.37149571398977926,0.6534265914516244,0.5126867264989936,-0.20065679197658293
0.46937546693655896,0.4760157534535782,0.5753197346024401,0.6897674435743002,0.5869970730617524,1.0620690210140857
0.3438318759224069,0.5105290880257337,0.5141048915447346,0.3870905943585198,0.7569097192781158,-0.048861309271356124
0.4803376609756706,0.6332332680911933,0.5853545771108263,0.5252948409821186,0.5943222641902077,-0.04419576734280095
0.1804911583231006,0.4023756315053125,0.12785023939110501,0.2339154589095092,0.560090291631754,-0.5671529772819421
0.43984905447363687,0.5905733125517048,0.9938769671282761,0.6269054935429218,0.33126959912268694,2.5608041237024946
0.22935038851220368,0.44954569173848025,0.431245680127823,0.33539499057211775,0.42696535746664954,-1.7675482664430175
0.2889920910249689,0.41188103105867485,0.5349270609442082,0.6961041602743108,0.537710119627143,-0.30249494957870277
0.26189624443029363,0.3032716989563403,0.4592356967148975,0.3940055790832852,0.42531617135344857,-0.300329880282867
0.48421402444434486,0.40489631228129247,0.4966328451997424,0.8391264430955021,0.416772896514906,0.23015633504576075
0.30245159044652226,0.4302718860608788,0.3561104549995826,0.5772759883412333,0.3483112803453981,-1.0741510141761854
0.6188062132436782,0.5696606804339328,0.4715517633785437,0.3365133785331862,0.39896476970044026,-0.24522681747373742
0.41275285281166524,0.5842925664044187,0.8041433869127146,0.47235560382967645,0.3132790065396873,-1.1077061188371506
0.5691686338659951,0.2836674093679332,0.5989252513306489,0.5959686664769248,0.18001259942463915,0.1226855307762589
0.3444832832494202,0.5057272907527467,0.3888250272810716,0.39367606351602236,0.2518043967739698,-0.46282453080867575
0.33536200494476154,0.5517695709566407,0.8013502485997077,0.7151964154012493,0.6785595476243238,1.2778966332556045
0.5413751037845697,0.7226381964125821,0.6457941532947582,0.6191523623260864,0.4604622800978127,1.0423677730340863
0.2690759956513122,0.6239608732823914,0.8389100058928387,0.6637786696433181,0.2357705527688832,0.7486790077352915
0.3279258146421156,0.8266105859588146,0.4794660010782508,0.5143892850096577,0.5303682341587478,0.21486775164891436
0.0360972093637249,0.5601394233979239,0.3161026449699399,0.16270293310259415,0.04899083259550163,-1.8776846402650755
0.476483523639936,0.4598825879639137,0.4217443417236389,0.5597241591570176,0.4465606375310932,-0.3414172874709982
0.5961057832756771,0.5753060835162414,0.6138960918427518,0.2697236641955637,0.6243243744171457,0.5398534953779609
0.5975450306562003,0.4712340978597281,0.3690400582416784,0.46735549673708837,0.34594545127364806,-1.2492650019369629
0.550974259859724,0.16673980989073217,0.7131766842619269,0.5060882625317042,0.3933759326469708,-0.4428776562295506
0.4209766066909487,0.6978697973064605,0.40593955987043595,0.3628416269362903,0.3832399296054717,-0.9182503668163793
0.24052300093144552,0.5234120708792337,0.5478093353930925,0.4949871499501224,0.41854239389743914,-0.23145062761624713
0.3882564629577689,0.5888412838936855,0.9472258427535389,0.47700374188623934,0.5078659535063469,0.5746376189165987
0.5193595676985532,0.3406021007936737,0.8485983207108045,0.5878800326154626,0.3693120995394795,1.1435247819329102
0.4756016183823868,0.5993818937849058,0.2542309030009687,0.5433784413226646,0.5845617046791345,0.5310741452349472
0.8356160360417486,0.5389851244236746,0.42736824889336994,0.48994522067345797,0.20024765112153237,-0.3447644936237407
0.4912987238864721,0.5514136602467336,0.2667931731544066,0.6184856465520918,0.5390436704259722,-1.35414887782053
0.34713963652294794,0.6138846262711366,0.7649773697281878,0.6700458539078654,0.3481220379179064,1.0317893419077457
0.38382978225647774,0.6140209791151685,0.5404639345496726,0.2894750275069378,0.4765510448914889,-0.5644960370687147
0.6996222435731926,0.3918144324969554,0.5419802361473403,0.49144877712630575,0.6209740751512267,0.7093342136524721
0.42845557787266575,0.4826083908114086,0.4839838091021996,0.6525101252260445,0.7663811646201838,0.48998573967267384
0.5339568467213981,0.7404806321056254,0.5666186963267902,0.5453508626212338,0.2358358696605109,-0.4239735221574972
0.25762782781716526,0.2546404404541811,0.48367609622610286,0.5767533366220567,0.7074628929863997,-0.19874746041572505
0.5879172125710006,0.39505539963061054,0.3846612214349776,0.36932955988061916,0.1999641791052409,-1.8944704269719383
0.5184174420862323,0.40593301239559987,0.27485086860075314,0.4598961771740556,0.6235653048344778,-0.19692883475876363
0.5464790183242465,0.38456035142599354,0.605893746967358,0.6539354622984631,0.540372535092879,0.7957230772245469
0.48656748547177164,0.43530452271852244,0.7583868515857629,0.5748130672150097,0.5564574436161401,0.12923921522551718
0.4335543839930888,0.6899325582642695,0.3056475393221547,0.26460374197508285,0.36889229002925655,-1.0163487927279875
0.29212646549983773,0.3802909038018194,0.376017996424945,0.39427452477413005,0.37521948720434994,-1.6268176102940977
0.42446311791324937,1.0,0.8679653222566736,0.4643353594505464,0.43678712129020375,1.9518437742987214
0.37604554788118943,0.6235630667536216,0.5583978550254608,0.40710864753167886,0.5249313901911853,0.31086907839912536
0.21356079181881357,0.6086472734121111,0.5184447508981661,0.2822094355411151,0.26767797978048546,-1.1928079134885492
0.4056292778094224,0.22272207052723292,0.6451068441241858,0.48135854985739285,0.42623962951391625,-0.1546120756365754
0.4667182932431408,0.8506078793900227,0.5684969410379147,0.5257002454939019,0.40793993045538607,1.208758575097756
0.6585976074952216,0.4221357331927612,0.4738693554082619,0.3910117953713804,0.41093840606108356,0.20448291348468342
0.4244417510218115,0.44579007716404373,0.3747024564419411,0.49183059346507224,0.4430022407871512,-0.32422835543656303
0.41275589603928736,0.5324579649288245,0.31121962419979166,0.7313541982770146,0.4402277709431705,-0.45027824736793065
0.1351748514872962,0.5136270140409736,0.6275503145394494,0.251218728473284,0.6146237456707488,-0.118554763339667
0.6159172447561443,0.49822231255453103,0.19930127451976482,0.3105958751706088,0.4254762910137123,-0.29924099035230145
0.09611536294619866,0.3690704312532532,0.5779115855104833,0.33275838828262694,0.4603055430374456,-1.0695525565999002
0.4986990116579035,0.41191192686375605,0.5114729247035888,0.7041936980953573,0.47910006076462824,0.5410569163317924
0.3828838310619732,0.5881437537739391,0.6563991594489149,0.5086720673440357,0.6621063702943073,0.16903672535688008
0.40086650675402385,0.44894666248652204,0.5401510470700621,0.33094048942034715,0.30739666741399885,0.4631487120830611
0.47955106036539835,0.35313837695325767,0.16444428951607554,0.6904157533095038,0.5882534591040112,-0.6431862319079511
0.5502675043109917,0.31609778294645346,0.46253126036536846,0.6904437892898843,0.5791860689776301,-0.8336653657447288
0.5966700771226077,0.5163688816445547,0.7235358842600242,0.5671277762760087,0.6085875445198651,2.265879238603162
0.4453615354481199,0.20245608003968463,0.3317867032633047,0.6043761836100421,0.5378091084219726,-1.1084667623849227
0.3585837864606334,0.2621729219585476,0.4752280139768234,0.36270253946095143,0.4428775718122403,-0.4232344211098717
0.6811875196444431,0.5248874289461992,0.5988526461684034,0.7264947138690717,0.5155602966115496,0.611395334762285
0.6001942134452333,0.48591858859743503,0.33840339343059256,0.37662427972096346,0.5485933642519187,-1.2384730651161453
0.5290852430630218,0.4592740944092921,0.49800019519206273,0.5615994481275206,0.4190428118919741,0.4169124844743799
0.599042986325735,0.6103860301959243,0.5787986618744858,0.48261895714929,0.2156279721145859,0.12522445742269286
0.5926544476122673,0.3403141817572244,0.7297867442487946,0.4790799337113747,0.32562136255860874,0.5345308608289823
0.3663241836477405,0.3409136141212251,0.5807124514798985,0.4034180549103906,0.5419547184486632,0.5070934330055105
0.4157945310533476,0.5332758172846828,0.7381389289451518,0.40899642551124105,0.33689906911946516,0.12622191972461763
0.522084054304848,0.04926688800005069,0.5075048298531306,0.5480072795950842,0.5834001986599575,-0.4771857711438638
0.33507366056940513,0.45696783366366756,0.585963510585056,0.6363885922175059,0.2811616183532622,0.24293878159105892
0.7769960959135489,0.6163413305261032,0.6553837077021933,0.5156190889216353,0.4317812069721138,0.48101221833923125
0.3068427511735514,0.24180283308714193,0.6111901987963262,0.5891075523961951,0.5340496321583876,0.240931237704528
0.2900600721502699,0.7123116320719662,0.662898683704303,0.5402549315421931,0.70209399248437,0.37100875369992714
0.2677916395404554,0.5836887689169415,0.6120778334140577,0.5572705306208308,0.3104481650468792,1.7069234624268794
0.3450478104879989,0.504118829213728,0.42146889850227665,0.4495147160241916,0.6899780272303841,-0.31646464089519066
0.5774919294499834,0.484743377824046,0.54898822240014,0.7452708399201913,0.5241586856155053,-0.008549013013763873
0.5972954902014773,0.5732222962887827,0.8672962652119465,0.251077764782087,0.6310516935197903,0.43200767440353494
0.3897696101375152,0.3645372693203497,0.2828882173391008,0.5181076148448247,0.5351785864863874,-0.862242358839794
0.2852157720754572,0.5244657148603155,0.3889981895235999,0.48360923922359844,0.4986839016185536,-0.22406517344648832
0.22824279578399764,0.486611233289321,0.3408185790246707,0.5719571593117537,0.32111819533009434,-0.5836825350881963
0.44888822815297413,0.3178762685066612,0.6079552681674288,0.49733131330084207,0.12182887784690871,-0.15232689969513208
0.6628269010373623,0.2452391030272749,0.46526892366699435,0.42362315773181625,0.5356414733490916,0.2707075203296534
0.4883135884568218,0.23338486015574889,0.707332658876996,0.3848196799306348,0.5546117333917969,0.23507808504480465
0.4282531915864126,0.4879517253750469,0.47180642230444214,0.38735310373679055,0.4759071448214542,0.28055655445522953
0.44894404382526215,0.2982322364311561,0.2817339519259049,0.7561205062570697,0.33142668851386126,-0.5382589991819133
0.5473595107820626,0.5520556989911012,0.4955854560868279,0.35502077610437716,0.23641395313785327,0.5877994343524733
0.4807422547252944,0.4891894201275991,0.6317937027063548,0.6458773455433425,0.30245395248229023,-0.17212085518522335
0.2909425089938841,0.440765862794565,0.4587962414646555,0.6222434388587286,0.638317640800766,-0.0834820451605193
0.6013499840200958,0.39808498451106034,0.3720273754747483,0.6080839984274604,0.3961472085462424,0.3157411151778875
0.45985060570143027,0.3997573987446478,0.3882959870599603,0.7160889271582773,0.3589228100835453,-0.08136337640864597
0.5982768060437023,0.5095927022241045,0.5397507665928757,0.3147955357851059,0.4851814820910721,-0.016506839436666754
0.51759119947373,0.07230842475964355,0.35593417602484745,0.7618152777678343,0.369150816194645,-1.41310283694005
0.35849388665180343,0.5554237520936818,0.06047568880512466,0.3533682458601185,0.2917232698850796,-3.081636440901554
0.4648001384877737,0.36538266332566266,0.6384645673268508,0.3869224140438375,0.3884409290295968,0.4823088738465836
0.4281292429426038,0.39082469821343546,0.2944780059401163,0.31674884642354095,0.16429558325992366,-1.3895964261316818
0.44394836053860803,0.4581761619379542,0.6978451560472596,0.31725113627824447,0.3434393332743119,-0.7842492300364018
0.4929507068319612,0.4894138665947013,0.15984907935211923,0.45639147431454186,0.3307943353091094,-1.1721001618899987
0.5215692455939599,0.12326022194484787,0.4241612571062607,0.40183766646193175,0.5201078904051698,-0.004356283266235383
0.43823721273541183,0.6579091110251116,0.5204457289373424,0.3714292567183736,0.5927745077720084,-0.5350558103440456
1.0000000000000002,0.13847792392168068,0.7767421034660305,0.4469200598245077,0.49278961507781627,1.5221351067795899
0.3331211668661346,0.48776462318444963,0.6142121125972716,0.47087448657779063,0.6178411452888852,0.9493798183951252
0.42041645570044006,0.4044093176678525,0.7333032347073607,0.5264405149900606,0.5987036185337952,0.42258201815391305
0.30017374127685015,0.7901024085809776,0.2221350355789083,0.3959516060803727,0.5045804605662624,-0.781869747861116
0.3656349114949804,0.495254719800629,0.9074077601357833,0.478364602047161,0.6154089130192162,1.3430770225154236
0.5302481990745485,0.03816571604239216,0.4084546250498557,0.41392476051881844,0.5420109119120999,-0.350960094726899
0.4135344045658041,0.32359203451015606,0.6820414868330973,0.44576862253732963,0.658581971127349,0.29856468766920347
0.513194425225347,0.17938821966607182,0.31483207879387454,0.15313272278047624,0.4396703272469211,-1.3211579162165576
0.38871066553720685,0.3966668889097005,0.4393190646187378,0.5589545934204844,0.39202570523213376,-0.8500936735577146
0.4920316398983097,0.5437566736810049,0.7593825297282121,0.5686616551974972,0.4171810467192014,1.2853152144274183
0.4672543598270023,0.37620651576834896,0.5290284052905159,0.755154742273932,0.5508417277309829,0.3279329359897997
0.553191932182642,0.5565320708512149,0.3540743545709941,0.5104670883801278,0.5588060444081451,0.5816048082282405
0.678219944944206,0.3298736909982032,0.6068297524760814,0.4401557671422271,0.5377233135935856,0.8435893298433952
0.43607273678648023,0.5839540703765375,0.33932428291163086,0.23886805766941271,0.5682666243521428,-0.8197340367654316
0.3641849558695484,0.5287466871612378,0.7029379274491067,0.4205047555301781,0.35343571375770705,-0.5866800804076481
0.5692224749293668,0.40185275345994614,0.36788789124456134,0.6511006879426031,0.5765399965350986,-0.5814893145942435
0.36838537016272693,0.454489642077205,0.7680412894159588,0.33928692563983087,0.6816312259508356,0.6157088586574138
0.2842312234571027,0.20264381262014386,0.2263884679263664,0.27145013842349514,0.3510499419795093,-1.876189791555007
0.3748817114759059,0.43187865191214153,0.35388533380970333,0.42115066824380354,0.50558887771454,0.15285575736028212
0.27092204238534234,0.7395186451992184,0.28328392882650666,0.42184873186014843,0.47051352598270235,-0.2821044300306817
0.8176811325327583,0.5553031051600649,0.535887657781277,0.353120827507975,0.5515398499337728,0.7591430482049817
0.4194364888937887,0.4327454926866121,0.1935464182993703,0.5985447301647402,0.2756189273526988,-0.8345771848732826
0.0,0.5095817656822341,0.4305727705722559,0.7558190093412788,0.45466637729163834,-0.19890090995273754
0.668541285314332,0.27729086644018697,0.27792935867648183,0.5310239343254614,0.6008736026767837,0.0018917299952738165
0.6466358618141725,0.07319177238555641,0.7067110431834728,0.5496834951901701,0.28020489274007454,0.23423307763276366
0.5254246857553848,0.7757823792864795,0.43162231990506117,0.5474548173874587,0.19529890543008394,-0.25953433701149975
0.3067023085898768,0.5434770235662375,0.3730092632315226,0.5101940373506733,0.27202831003985906,-0.9622679951796865
0.5508070585067352,0.5032370297197872,0.4888879433013255,0.4446763817355043,0.2415815423890892,-0.6262964699702499
0.5815590602275715,0.559124352861555,0.4723292675124998,0.49048313596161225,0.35391438473838277,-0.4302030834257101
0.53491237318774,0.33690260787921245,0.339475180155035,0.5734161201965593,0.4201249318351881,-0.009809614790091736
0.5082901728301755,0.540906176113187,0.7002694497673387,0.3181753843140308,0.5486813309930644,0.5751983304666926
0.4676162513061335,0.333035728057246,0.3955761583360227,0.6891247677903499,0.6562460595341076,0.5540248466338424
0.247540446753971,0.457535536511814,0.36559380868823066,0.37330115647494705,0.6277598125114132,-0.43565307125804675
0.42959318167983035,0.7202800401053557,0.6056441030447092,0.32587549999259413,0.7156757494836492,0.3949971548986189
0.5676526671900952,0.3415862610869943,0.1912587976796002,0.5179806580409546,0.5647508412574733,-1.8398342832149033
0.3744336184129478,0.359420450508966,0.4709197719006702,0.6879731376786574,0.4795280557319916,1.074942474318488
0.48218425075863675,0.44410571235375046,0.3887611219009791,0.6664471705518155,0.6874109679389562,0.7801977146830631
0.39601518234103306,0.3577776531727982,0.565373482966648,0.5454700366777318,0.621591748090894,0.46414262806360934
0.4874338154832638,0.28839287153741033,0.29845804201881837,0.239237155197415,0.5460973011376327,-1.1146492729305815
0.4432221990940473,0.6077732860523193,0.7244236073532383,0.5857939610513988,0.45338726302716137,1.1343616413494104
0.25346447006665096,0.36079150469213295,0.46184404384143596,0.36537813431745325,0.6987247448372154,0.7034401153355982
0.5781613572494654,0.2461433540423118,0.23156319166963008,0.24348522529263816,0.631528383822146,-1.2214037112484493
0.5827841850029233,0.6754316781008656,0.5208440698743496,0.5265655341718974,0.36404800771973855,0.02457991056103076
0.31665479249982464,0.2569271052660188,0.3543374402212126,0.6672579254242956,0.3168540328045897,-1.4060428412001293
0.5001757351827555,0.6744761409886729,0.413602223585269,0.10142555469744746,0.3932724249780274,-1.3922129671723693
0.47284210389631115,0.5443265969337012,0.5417459142483455,0.7042617092367149,0.31643899350473925,-0.49604208741789835
0.3394652269550863,0.33348936955201386,0.5226004900584009,0.5731322408335898,0.6648349431542371,-0.2898677484491606
0.6941151252604842,0.729913768445664,0.43411873675944346,0.4693647345518112,0.44139480818436716,0.42298071198331744
0.19576345034608983,0.11480920636213215,0.5424332550811393,0.4018843850040843,0.3732325404353111,-1.9114028661923763
0.6932849049523124,0.6989335442314568,0.30484996884678306,0.6074644143442574,0.3803618537011059,0.402021381284192
0.5133431010084687,0.5169285806197839,0.6606826550226627,0.7677806110675205,0.596217718359007,0.7203497428105953
0.47434558766082907,0.3172995381271718,0.5708329584438645,0.21441648176720074,0.5983210981709549,0.20150082596157728
0.33064696782926667,0.3592279116161901,0.8275944366548681,0.4942592064499386,0.5631794936015432,1.1466614842188618
0.7504025598154166,0.4245329973279235,0.3597885251192101,0.5345779883839851,0.3377830058064193,-0.46085207963373087
0.40234950239555917,0.3830596974812317,0.5590010468267095,0.6474577999118056,0.4202304999949573,0.3437561944026689
0.29522512373019544,0.746631421801687,0.35908714048360557,0.30465420577653957,0.6137076691206635,0.025877736876898594
0.43203070601593874,0.4482210975715186,0.5179339361737559,0.6850409324376407,0.3199902384439377,-0.3287812070584839
0.5061550932618379,0.6111976030673065,0.4104303368500924,0.4024193370045716,0.29540773767229533,-0.6326611211001494
0.5989397462825896,0.40318171841707634,0.7073446690719258,0.5052955239497782,0.5732291875722754,0.5829390167490263
0.3685148986481982,0.7797461062686628,0.2804884311719032,0.13288829965308663,0.514510498626838,-1.3689392000270337
0.4649575035753977,0.4932146037547141,0.6204963048471237,0.5731757225385148,0.483764013819473,0.10143486107885025
0.5162969851952623,0.5225673656130334,0.1948494312325229,0.3099292737374676,0.5841313875863525,-1.3355715721612107
0.5327351277397376,0.500909001411007,0.4152356488637807,0.5309852563067914,0.5535741401163417,0.06085179324542677
0.602216471533955,0.4939961786612874,0.5304860291714746,0.43440637736632337,0.4438134863786186,0.6873817906715278
0.4093220989277495,0.4108543630575491,0.4890455212482739,0.5375656852617545,0.4305590322858837,-0.13369415539164023
0.283522117547304,0.718654509034307,0.6442078616067286,0.45784311937477096,0.45573926122281916,1.0531529662808419
0.1578889102475406,0.662969983899779,0.45438219109490635,0.5640540305048144,0.6222335860243539,0.22534075140063098
0.47277232026220883,0.2576642815654514,0.3550036374008011,0.6913722430580662,0.35846542791911806,0.12085762948497614
0.5296861223381857,0.7455820901674943,0.5687086760309821,0.29766620617743256,0.515163213669865,0.4944762278284427
0.3516085384612685,0.4521514161250263,0.3830319549739924,0.4435496554995087,0.18253089910925552,-0.9100968252236835
0.5389562888704165,0.46653392835629215,0.550767632816983,0.30923177960566306,0.7998445891852575,0.34896259378438643
0.4860660632545726,0.5738328940668082,0.5361649782237888,0.4207990129655975,0.4795255465610144,-1.0588862469210616
0.6323844772958266,0.5074791905575201,0.8315749601732236,0.38091506009631554,0.6988708771058882,1.827560499678929
0.2215550162093562,0.5502662607425939,0.823605514428875,0.27018069214243834,0.47890190823184303,0.7484316118718091
0.3681918935721835,0.25399698027781403,0.4931683823527087,0.9179872845665789,0.3375846199091306,-0.2627485247638347
0.40221054627329733,0.5751063902229507,0.6952802212719214,0.4712363210592946,0.38787106367576996,-0.05593981356086186
0.6555737836705616,0.4297207893185711,0.4185132711844227,0.4167109405348074,0.5541158099191689,0.5977810692851093
0.6118570629549462,0.28531099646101576,0.5832377013361514,0.6883289874971878,0.5203279848014616,0.34739638513352583
0.4704240385002454,0.6283838811131044,0.5853135063106336,0.3498158118658148,0.5575359267680726,0.4523089558585583
0.5160074749057849,0.47402099022621863,0.5549927348220284,0.792085701757719,0.4031369276684385,0.8643847810590304
0.5448038513308667,0.6652936281824192,0.46434727601412135,0.4381874429360237,0.5230643269873625,-0.09679637358785154
0.4083189501213516,0.03937943173551145,0.49848442474895927,0.45620501293577537,0.5509560883059611,-0.14351928980993717
0.634241806238062,0.28197706402765466,0.6467629329002965,0.6408572716200829,0.7121943368864389,0.5057714622015151
0.2202254459737203,0.35217438903645326,0.3866728733665405,0.3397231203244376,0.5699147203094914,-0.8314950843239675
0.7082101457291669,0.511786657054153,0.4527911928587511,0.2293702398417548,0.41454884594833963,-0.41704973684578683
0.37281792356612165,0.5553575965912401,0.7096981709233503,0.3122437225769027,0.3999180239514775,-0.8970454314112171
0.4570175632896941,0.4873606519004276,0.48347687606830936,0.6899417999413848,0.44000488227730783,1.2523762495998954
0.36633910101704004,0.6133853904384245,0.3147163695750044,0.7327265924386606,0.4539273697296582,-0.5298030147027668
0.43537490271087875,0.4882401239620329,0.19443197952051283,0.6446975335278092,0.5012055928822604,0.34624000110539965
0.3513525218840533,0.3505677429201671,0.6368297781304656,0.6420804215755805,0.5161053449808594,0.34350565412807865
0.4155317723976239,0.28518343463328366,0.7917338756744472,0.4010897026027871,0.5702194310232356,1.0444969961497563
0.49213381401472467,0.47372933537928835,0.37981071184288806,0.6294100024307847,0.4840311048092136,0.45234185800383203
0.5682458074198733,0.24648922345331048,0.3269212664857963,0.027692978903625654,0.33677285440217763,-1.6407404658126976
0.4690253368019009,0.43063836019413954,0.7089490734726895,0.5634445092733541,0.6383010195454787,0.7457169069615506
0.37860950767523954,0.37652278546536694,0.583808197729378,0.43532362379806194,0.43208401261889856,-0.25651911634869506
0.20125007404564352,0.38721661825570863,0.3361547318186434,0.5163827976847262,0.5933835377103411,-1.3104351309621483
0.2510874577230525,0.2167254009840563,0.3165778277837714,0.5203463410673893,0.3249075066460869,-2.052685007160955
0.2734913607221418,0.5558499366333409,0.43419617884314415,0.4767399518839567,0.8280959861774768,0.11959895620709479
0.3797038303671303,0.34192333353001036,0.399518812213021,0.2722538069033363,0.4411211183368232,-1.3741924657517133
0.507757707622613,0.2527332066183635,0.4186387714239989,0.6619579284649115,0.7490141609499813,-0.7671077001994326
0.39924956111995086,0.37632293908994185,0.4596666177560336,0.43037046949436825,0.47615774111157083,-0.1939391269542473
0.3013346357998087,0.5718266437257806,0.4147095552605598,0.4724319021513753,0.4621968391686453,-0.20672752826738502
0.5133161581311264,0.7155361568720067,0.5625994626418767,0.44271231221936413,0.4518137064124547,1.005386608175261
0.36137615035084714,0.7535829875619031,0.8186324722761796,0.36818712082991645,0.3737350958829183,0.39374100687851743
0.4875813290148109,0.8111594331994099,0.6432322209116512,0.4405821103568035,0.6227979270200728,2.2177656851812886
0.7360357163388676,0.6516002709712564,0.4481184719752796,0.49723894712274586,0.2852362073494116,-0.0631773773016929
0.09455429674225158,0.8460171052586012,0.2896294402887415,0.2238118212479574,0.5973842938571865,-0.8569266469749164
0.4505975437221298,0.4678623010905721,0.2595035942756643,0.3396416590076836,0.3721412593104211,-1.3824859503006706
0.509718160665806,0.42012568324246236,0.5336396327272296,0.3359722922854494,0.4225222091272308,-0.8300078695476264
0.4234094444502067,0.48823071816111635,0.1740148368323008,0.5694229799760575,0.3125404095085259,-0.8506259889084485
0.2124848895681335,0.6425077477823317,0.6832083632774102,0.3149037655593412,0.3934725060669187,0.031068970083192718
0.5775490778925415,0.395223444588086,0.3265554646893235,0.5381531096431156,0.33475930012202915,-1.215187378369524
0.41062748447814446,0.38850942396585686,0.6317701203390744,0.1886622997574423,0.4583860794282629,-0.693201344797103
0.7905374388710934,0.6993893941879101,0.5951796617428187,0.5918637804067811,0.5733205012596972,2.0427960821160966
0.39934806173401904,0.6308247813430963,0.5793153797508018,0.3003794083016388,0.4764192363748593,0.26549049453660606
0.7518296234638172,0.6680600822298233,0.5402262313642465,0.6628784831000456,0.6092387300594829,0.3977369251735957
0.5444151853256289,0.5040574856395978,0.44956887332104295,0.35817586621135006,0.46416924762860945,0.0339067615432736
0.448510075707815,0.939404701443619,0.24598597894381052,0.6680936639090775,0.42733191870391063,0.1631840204000737
0.5630144409444702,0.3352898175560798,0.40403877871043864,0.4442455384721206,0.26045234226991976,-0.4556939101710215
0.502468061258826,0.32066395706317885,0.4147975415770623,0.4187937562194969,0.5737880952157078,-1.1323103719982421
0.49087263390852653,0.5866362451898789,0.7363631413688498,0.311516962837224,0.4468180015497071,0.6035828469493287
0.18251580855719712,0.49412530178907804,0.48192998017299554,0.6044466390848193,0.48224363621025196,-1.3345261714136423
0.5015038925459242,0.8786939947156471,0.5060272857732658,0.6319091112643149,0.46355546795608776,0.6149830131377181
0.5870374555231066,0.7509622477705699,0.2507675606508478,0.20064967323868743,0.3634244995813778,-1.5513923889680616
0.5091727817864519,0.6294089081720017,0.34725361277016403,0.5719373562493074,0.41384017300843834,0.14505073772395594
0.36128560534162285,0.5492525161707782,0.43516909160159356,0.38002579050273505,0.2876961032495994,-1.676354743587965
0.6339063299668066,0.565477326180863,0.5782837017209846,0.8498518870640936,0.36036829038431856,1.2988460083420401
0.5827072683648228,0.7367971233349321,0.3139084527512598,0.3968065165973319,0.448158055386233,0.054203949798326545
0.1678430906558273,0.5964760836745134,0.33918573327933976,0.5334547260104636,0.7469713079327431,-0.6425211000472473
0.6025298654210317,0.6674911003829633,0.6068826664871428,0.3063539635218461,0.6842847451575671,1.888908851987086
0.48191293743539887,0.2841978940665868,0.4674413575959188,0.6632772068974849,0.5652524802511679,0.6402856445983128
0.5273509226693773,0.36155362660309925,0.26647836457930685,0.4703395344644785,0.3884750312502245,-1.2224970769810086
0.3016987130782883,0.2567676998872559,0.26885985033752435,0.6769591413659786,0.3623961683106643,-0.7042582130612955
0.21899236733912747,0.3051203733214658,0.3399584305652875,0.650280355160492,0.6952645517771043,-0.16976129121403472
0.5147649529644182,0.543461328129692,0.6018962731115494,0.8320323609361453,0.2910355226897654,0.5406707533957635
0.18183414113681834,0.590783784496012,0.212427387719973,0.4329758636202527,0.5141262198195642,-0.5407643120305771
0.5233186826369641,0.47603220159063453,0.6993635323891632,0.6555995831007473,0.25274193633160724,1.1652042415805806
0.5614478731397177,0.4963233145151429,0.4716812293852602,0.7223605035657586,0.5425796427957378,0.43784573400032384
0.6079925925063833,0.25107539466748713,0.6264546650507281,0.4854216964758163,0.37353242417913446,1.124723564090275
0.6270398341004879,0.6439920992051404,0.5982508626909443,0.4728676374757519,0.5344043918340482,0.5533377562846415
0.43247718341502833,0.3787431101064749,0.3557897930010341,0.4829545000522598,0.5036925856774239,-0.9534530501200124
0.3651436548042396,0.39776213508231784,0.61586669020627,0.40909133131204567,0.4393827435149715,0.09191350516985532
0.3075462733604748,0.33856940192026186,0.7024336937995668,0.6221922554707321,0.4463636349422882,0.8987193957543034
0.22539384765166437,0.694748015004312,0.41143068450449727,0.5770324503685438,0.22955891005082293,-1.1499316698488706
0.569978109133978,0.3704423421003297,0.31878041233400906,0.3229415396972272,0.38260554023845494,-1.1729713913188835
0.40368479427142906,0.5937347025520012,0.4052050987060915,0.15071510050373832,0.4276937529751736,-0.689869331140311
0.37633115638571857,0.3904177181483106,0.7241311505988092,0.4308888298020798,0.5063981165011834,0.32329756424239087
0.4737441981573979,0.557393042391565,0.7333545092922635,0.5874850604586045,0.30259163394261035,1.2939289757885364
0.6396044183729975,0.31947457767538745,0.6142843306945613,0.6680437103434003,0.2017180990336629,0.21753380606391282
0.27147440711355975,0.36346569468572004,0.39460850804206327,0.6411810213249975,0.409955282371736,-0.7621323791579195
0.40066834807386403,0.4410026631979637,0.5845889374342782,0.40619572601727943,0.5246798966251905,1.2822586061833428
0.5951499072123894,0.46912624092058597,0.6135725315470869,0.4987996644265032,0.4561475871234277,0.1619669788877725
0.546021705439518,0.6031303334792908,0.5200884436968368,0.7258821885960884,0.5102069304472912,0.5233930613979947
0.5633082387813462,0.4776258288709022,0.7343287095193838,0.4506645167258011,0.8388828867313587,0.6019601553006284
0.5012544677484613,0.6519577994820184,0.8217224286591495,0.6623401260583383,0.48738088633676746,2.374328632559672
0.3589412447355069,0.3856907270268846,0.40728112362005386,0.6894996804660771,0.6539939358525011,-0.8422992561859957
0.4163587751269786,0.33434684155712413,0.6448405901061305,0.6126278891508377,0.3215663300000803,0.8764321318467233
0.37700255581480063,0.39505513118572577,0.6868006857974709,0.5428739243303737,0.6322492678678411,-0.5314858687556947
0.4753870206593678,0.4015141540352624,0.5360209932283654,0.7420937477925151,0.5380674097328082,1.2286191930594694
0.2805495973641631,0.7076071886221522,0.4526542088828526,0.7329168124927052,0.4407854998594468,0.791111569121365
0.5886686004532182,0.5592938788196107,0.5110756243116252,0.4442721059840628,0.4404032958148774,0.30144905597598093
0.2695009556977722,0.5938028318399554,0.5993266345678808,0.4707926743943124,0.5000958084345638,0.07545579937408023
0.4116567905563444,0.5687646253039178,0.5556604753913312,1.0,0.611184048066717,0.9543745213014866
0.5614719551497939,0.5534835519915468,0.564651571744874,0.5588470040427724,0.17768585666706,-0.5272485032105707
0.46439432633586714,0.40607917258289095,0.526105794710823,0.5834096275319867,0.4588652920320274,-0.036978994529501624
0.24441291687405478,0.262727848517866,0.5509304000957643,0.14376650345445052,0.5959712326458361,-0.47686541488896805
0.35694492340518186,0.5496539903789446,0.18053837221486713,0.3980956830387255,0.4474960995233736,-1.3476635552062075
0.3794431249505436,0.2725411621715069,0.48700998451339467,0.4020404857895733,0.03517425120312101,-0.948396577131938
0.5949800759078923,0.3141155956560209,0.44691869750148866,0.5352543347312426,0.7358160477195859,0.10990431975978532
0.5623445131546259,0.47008728350682877,0.5781043177374583,0.40929882761590675,0.42396538284310414,0.01859400293445357
0.25554123862848155,0.5116117248950843,0.5932990831752457,0.6059072671572103,0.17639412799123294,-0.30804612043721363
0.410481520243082,0.2056777463218628,0.5694206050258527,0.6004798133900342,0.3831769174148482,-0.5327511073491196
0.43901359569698356,0.5217032920903324,0.5884872602355754,0.6001544458594824,0.5309542115217836,0.8355438407549354
0.3907794757739921,0.29726277392697,0.5613400653568055,0.508391251902444,0.5025115971725634,-0.037080130951414714
0.5190483085349857,0.5927865005675107,0.5877139314934838,0.3887530819169246,0.5133593527623957,-0.021140776170138986
0.41821083005245724,0.3900863206805561,0.6690345962785484,0.26035553951181445,0.3139056634616999,-0.6969296146112558
0.18720458899019393,0.6197893807521493,0.4147099367064641,0.6089399731828316,0.45550098156278285,-0.8935637854288323
0.507346503372426,0.6421418131107938,0.544326622348418,0.45158699685203896,0.4239819893467667,0.018662486391767263
0.6532752387772361,0.43901033558634567,0.5175391558692047,0.2600641968483516,0.37447120215031116,-0.3943791688250224
0.36018371345339706,0.3607352273667911,0.6600880620778362,0.26877280482467225,0.6807779660919402,-0.48716745449162174
0.6135163993838875,0.28500897715520696,0.7677526423438463,0.7444115951320872,0.556563314310408,1.3083136787931522
0.6745037041011084,0.2502883102993793,0.5015726840540599,0.22852476136829564,0.4192828234333406,-0.6294304594164447
0.49148152867606687,0.42169256693280605,0.4923699228206807,0.40717898194290053,0.23646757273726707,-0.6042360630999629
0.5219051193127482,0.6112829925101131,0.6975185364923768,0.6678701821761797,0.575992329149255,2.8738964271286997
0.6201928955500006,0.7480256608488878,0.5950188283694421,0.3495955622537028,0.7345917135145597,1.4116822738044428
0.3131799946094459,0.3405954321465269,0.6264811661223867,0.24066830857493332,0.36189945185460165,-1.1174330714308138
0.42603123806322246,0.611487727915208,0.5394799023461584,0.28177167300838823,0.3762087757774989,-0.2557895993528546
0.4456253449621237,0.7148614739161998,0.5190782774349043,0.35264002329777794,0.6685925237680321,0.8489272566435555
0.7525173438712469,0.2452834980111676,0.2173242889436101,0.6228889862244583,0.3553714692463932,-1.1750553219877555
0.48434650453882805,0.42067988907779075,0.5648592834040898,0.47381802838478054,0.5170414501333844,0.39554144365633215
0.40337509140853495,0.3399060546681961,0.3682882942141284,0.5820162693835603,0.6267479712448069,0.44615312779902594
0.560481466374598,0.31808009804785453,0.5814854786113502,0.5771945962079741,0.6027388456614574,1.0318159565406189
0.5146491484744066,0.564027461428857,0.5928295095278334,0.45225837505619976,0.43406752054772124,0.12372126299635744
0.5360751272932545,0.14801467952557285,0.5361407641553129,0.38541703892297974,0.5731807711189922,-1.1237414026631773
0.3094051286916677,0.6028114057684509,0.6881964480057619,0.35931081854429786,0.5889633752191143,0.28812887667646114
0.5878900126798199,0.7008742710908493,0.6181160842571165,0.5646867227323298,0.5059216434688292,-0.2179975263709123
0.3768739472581888,0.6529798389675712,0.2620889053826433,0.0,0.5331698859739302,-0.5298482063974945
0.6439337598027264,0.6250560064600058,0.5163038306024705,0.38785680808166956,0.5512430172999682,0.7882719772261548
0.6223362519972289,0.14021201286649998,0.4533760078756241,0.4331201476989618,0.25168339162450454,-0.7763881143136698
0.665152036483807,0.3488544933718679,0.4566021978253373,0.6278060137314414,0.27681306003287565,0.38623847166163144
0.5154155896859303,0.6488769202632546,0.36944546062477274,0.5514203909303013,0.4341073290967213,0.4605268723723232
0.3070504053255648,0.12727433692347406,0.4070348322754238,0.2767664351137654,0.6855058429362992,-0.051873645962258075
0.4838771035320846,0.5231054235610341,0.4703123922198075,0.36537613901050614,0.35367887368105116,-0.3720885765227252
0.3830640111460072,0.3478703854254246,0.5058749277933952,0.4587228669628083,0.3990144029607672,0.04162262883571727
0.5237263982001171,0.47656176456408234,0.43872036155562144,0.4761383841993771,0.43934408960259913,0.18214496920855452
0.5401562347862083,0.6652987354755109,0.5352910096297571,0.2810805382484374,0.5087736938114354,1.1523037282075181
0.4927908063989956,0.524116218287589,0.6042982397017909,0.3070393797606959,0.5997374495084757,-0.16006491478091384
0.43583612218524076,0.28221881825654044,0.7339210141096566,0.791065239840303,0.21254127173698825,0.241070724473901
0.6404226247999568,0.1301393732830578,0.9977620091387236,0.6676547063725051,0.4836722411347428,0.8905303127918831
0.33056542605116523,0.37710129352022337,0.42423778309450805,0.32055704956898956,0.6259090083496641,-0.5823088867981463
0.44479888548221536,0.3639795514310114,0.42984595894262384,0.7313324123051096,0.27316517414490765,0.641450382460768
0.39588457208036176,0.6630113422193662,0.3378843286011113,0.5953438131880164,0.5362884653194384,-0.23782370466791056
0.41607504098966813,0.6532186468977935,0.6360828329077814,0.6278047681300853,0.6376305388136927,1.179777226198117
0.4835619294907362,0.4158032092546642,0.5294046990153649,0.20231568992337173,0.510049025234305,-0.06853426840187704
0.4734486261621836,0.6384481851034083,0.31069044035545945,0.5244945236741471,0.5853413784820907,0.05111274462973406
0.3994329250117979,0.7454392937433236,0.46637335350481274,0.24718411838692733,0.41695536304381053,-0.05596446418360429
0.5867839139135578,0.6977142160339178,0.37365235144152625,0.5722484886843631,0.5418867754215827,0.5773386555613125
0.1823213176661821,0.5757436196104014,0.40759781935724304,0.29868754676990517,0.36309579833313144,-0.8201895981086759
0.502521306466913,0.5181448982418383,0.7078263327850556,0.09549642874513681,0.11235240227158644,-1.030463970387506
0.5533465299734575,0.1659790761518407,0.6101237064911699,0.36206016011588693,0.49563717130953744,-0.668957560219868
0.46041660668146245,0.5717726495160924,0.3789963763090392,0.8379213995340196,0.30879954617509564,0.25567073628487225
0.55241819020563,0.5206866744235472,0.3582419072869989,0.5464792835458127,0.31083679631545136,0.5039861236329418
0.4976735010889376,0.7242562504019794,0.5013731923434708,0.7512143462465475,0.07923235438288401,0.4694101160404869
0.4717888574013326,0.25956966943164644,0.5664448022388553,0.5944648433196826,0.5315497048646554,-0.3190707774707113
0.4971650586089665,0.5662138880822419,0.6763803199711328,0.6672842550194451,0.2559287293324115,0.2054435240635863
0.4574517349149399,0.5956306315340542,0.582406937191537,0.29080195413768806,0.5755597288688258,-0.07835766583196602
0.3946100486178121,0.43367034037105734,0.7570263065212856,0.586304785806673,0.4098797941263514,0.6369958139256627
0.3760036717558116,0.3103681615567037,0.6177731241673645,0.5342029129525118,0.37166928345269457,-0.783083733672339
0.19407983688941916,0.41361349620410065,0.48762402115498493,0.42880916915013667,0.2834755807314786,-0.746507943379407
0.397619758131006,0.4190407760833559,0.45666890256035747,0.8353519000942007,0.5062482420854109,0.6377422598967181
0.36059769626821514,0.4604920998049788,0.46951560456349556,0.6776402210645067,0.4784338766298526,0.48269459144374793
0.3161338116900072,0.46589663606635784,0.0,0.32584250622420874,0.4159844333727632,-2.179168907061995
0.5193016918317555,0.608122434569792,0.5577079322883429,0.4066214565279485,0.5713641998279755,1.0422351853659855
0.6141062148099197,0.40038468549185036,0.5384408729769317,0.5406905614326522,0.41508296376147796,0.20885473427787782
0.3460422040370496,0.5598251537279244,0.5572916122946561,0.5217588573888738,0.31034574429436257,-0.5225196167650307
0.6082952420343265,0.3181071639773979,0.6645057605374957,0.5493748590252995,0.4195539791975903,0.32697776187279887
0.2532973839056351,0.532364895004965,0.19755640038894906,0.5018583164784699,0.7218888304103438,-1.2765728363200115
0.5380988123168694,0.4559632689963119,0.5725972500801046,0.34833411352055077,0.38968215716730936,-0.1678597861371856
0.25335288936959927,0.5277549683392335,0.49743503240480363,0.57633537030921,0.3760050974946654,0.23929050861687037
0.27629670381372834,0.7460135432964985,0.5725169421628158,0.3783152073918729,0.44398086057192215,-0.2829501891414069
0.5307940702104578,0.3729456857098914,0.470068045636336,0.6164150078522017,0.5118832084223667,0.23939401003623892
0.8849714155016002,0.5736431222431889,0.4783224947890705,0.5819650597898613,0.5781914283844938,1.1194555324523507
0.29374376056264484,0.5853922028534201,0.32729035482961966,0.6036206200787184,0.5177222563036248,-0.5691195985972148
0.27794178527614255,0.6189827440376489,0.5518321003746067,0.4699615348531796,0.5322683843105442,-0.39205782084150603
0.46269154788327316,0.4167994890990796,0.1929841917805321,0.430342519212197,0.4084374601975366,-1.3014568846595074
0.4529994355129302,0.1932052649726918,0.58435532913117,0.5571445076280955,0.39368672154707807,-0.039525152785576334
0.23750989195543193,0.06249998374639576,0.65311678285007,0.2695720195359005,0.41993962298596677,-0.9397897570690774
0.5021953133707485,0.620294859784198,0.6063260827279426,0.6665860988482292,0.37577251762861197,0.7274514453526447
0.40318293739970534,0.5114468852175017,0.4320942730541272,0.7004648411157777,0.3246486257191051,0.2328382406877615
0.40660660688839745,0.4340934531640056,0.469203478379096,0.48399930602787133,0.5201193514476518,0.00838601792736303
0.2897670577774266,0.5173541359476593,0.5402521560981584,0.6227713606098235,0.3905830447172442,-0.11414614614715014
0.47680427157857264,0.47571809836070583,0.3791734441617049,0.6024595558856745,0.5852922422614462,-0.5464896651967529
0.6187762841489661,0.33373024867270146,0.7747624813484008,0.20701439382393844,0.5137644379164465,1.0749987859469978
0.31094426664085983,0.3207315630086515,0.5607498039826526,0.4861535523049315,0.45658017605616535,0.5122544023484721
0.4810076202906015,0.4279378994521839,0.7191643458490365,0.46122955681995553,0.48489612009995287,0.9430425750240667
0.4254290118429131,0.2497944574473897,0.5994716577977564,0.37519708778508754,0.42411848650002004,-0.1369724799385106
0.1924205151214276,0.21231504851196853,0.5144979745056876,0.5368188258015828,0.32326738775827113,-0.20945515376973523
0.6868764866414255,0.6771719588063325,0.49727861338099344,0.6504679313731316,0.39977561089274466,0.13477110204000364
0.39466651090346944,0.5365082716962352,0.502399767150005,0.6791544665804334,0.4446032937945201,-0.2567192995130806
0.4137562395056015,0.7309153223741611,0.6270137447216144,0.41701346764209307,0.5290985258438261,1.2606156029340019
0.5405067750627254,0.34677095667283664,0.35837442555311855,0.2569661872823914,0.38321626948608856,-1.8683459355827357
0.37372113227225556,0.6898483731500461,0.6363485913079372,0.5201018341524358,0.2709726641967723,0.13360489097887648
0.19645561801602512,0.4624884601254049,0.37667592866799604,0.6445435210218797,0.37373749455540284,-0.5761630381167934
0.22207592200113133,0.3785915058109142,0.5077970398364239,0.5018658235195722,0.3878886743894073,-0.43437721088368303
0.5082317112639974,0.4816691151439741,0.5257513349200182,0.5949466014914341,0.3064131263599059,0.4638897766848526
0.32140615442637877,0.3435893377988689,0.49491713445829993,0.5501974994548101,0.4912762495494128,-0.30258212992911104
0.6147008528375381,0.6291608372626711,0.5449859918686721,0.2423278721171212,0.42399183333764934,0.03125651791840915
0.34676096747887286,0.27199623636472214,0.47303253430694087,0.44346401388433565,0.797136620131061,0.36087307828153725
0.36592181439765054,0.4919954686742905,0.7492639878228109,0.29056460094523784,0.24314592475262886,0.3152827685305242
0.4957403219151478,0.39672796452746917,0.4012872225745161,0.49975818389661025,0.29724405788166136,-0.12601573467140964
0.5465441880768832,0.5132391375987744,0.656059965841338,0.5413208555866784,0.364789819909269,0.4774619604681864
0.3350240465736865,0.4582140703318633,0.34505133666233256,0.40318372352368453,0.28150567365249834,-1.690204081671323
0.7199657665138006,0.313748375789207,0.40096862596663596,0.578580889194929,0.47746162387994756,-0.2279710873915791
0.22202966091356055,0.5435591921819147,0.4165824432121947,0.6389173843631251,0.4521031013955679,-0.15519667409221358
0.4074509613188451,0.612203099826677,0.49932869339242864,0.26327758667169066,0.4444595088466126,0.6637011637192118
0.5997759209875927,0.3888465016042305,0.6333677271968259,0.5544914749952465,0.7134125677554739,1.1907280825771804
0.48926171756673487,0.5039110752907737,0.2185832816053328,0.3478698624544653,0.44279887565679543,-0.23688445681557468
0.452468607703165,0.36199621671321514,0.40329043114978336,0.26370222635306023,0.7008074394943681,0.007390290330882954
0.6378583120425718,0.4638775849366618,0.6639426045736911,0.5535629814200006,0.3601404592491342,0.8678077400794254
0.4417264928880788,0.21432210906004312,0.6891574153176168,0.3734553277991317,0.3366488592455326,-0.5356170857209566
0.1779171561768324,0.3363806601206881,0.44228350912004655,0.8042897267908953,0.5310891666766863,0.05045395719804973
0.2349632924030998,0.5165582273195128,0.5801302215510621,0.6725391969091494,0.465853489664102,-0.3039215445753547
0.4244101735038514,0.471107424844265,0.36100146873081507,0.42131677465974193,0.32604341602142595,-1.8474998019281461
0.2573005243501145,0.3269576619727574,0.3499160291610221,0.36799966090121694,0.44698027508525795,-1.666103461384918
0.4810828338320298,0.2992133471522737,0.3528254962573474,0.33482037587955216,0.4676391471828743,-1.320876194249983
0.40183354386352677,0.3089807503925429,0.48768422179931886,0.5449227993099901,0.3586370717934548,-1.3336385691119408
0.38786060695792385,0.14790708860894242,0.33948144909685707,0.8081887456908627,0.26975826083138854,-0.9135598044427224
0.29194075885675386,0.7052487904114859,0.4892269901697171,0.5305485644600991,0.6275690061226116,-0.4805479062723382
0.5943276691622286,0.6646706321987297,0.4710971258247003,0.4870038588155094,0.23410078327896713,0.6919567892561702
0.39152891962212627,0.3109290928047843,0.34627742356202984,0.4328199134102906,0.5436030263694194,-0.5264634701872798
0.471438047186789,0.9583027841768408,0.5644558235192849,0.4426348202896232,0.5830490129026571,1.124953485858998
0.4161525602753845,0.5606752862252656,0.43230354063622833,0.3873819700715453,0.4638881933510921,-0.497310550865965
0.622569725120137,0.36660544261327377,0.5506152138116815,0.35690143659586543,0.7570811467678036,0.16469076475955086
0.20665403692485954,0.3260174082423425,0.7514332219882038,0.4491305927262797,0.4172909639290813,0.12261502554336186
0.5377783452765773,0.09197557463640915,0.8263834167272488,0.5426608305806574,0.3414505673575471,-0.23218118632463997
0.4302951443174177,0.37273997737332515,0.7789560851017339,0.4413675791356532,0.7126121288762883,0.7833496644983555
0.5124902817910841,0.6932363780163145,0.588663726753662,0.4780597728825648,0.7751886599849416,1.2518042513094847
0.2959617553551243,0.22881340226920416,0.39875333088833653,0.4866573440721252,0.48653172192155947,-0.43134095565151936
0.247321654495915,0.510864732725888,0.6648715252157021,0.35532510132800244,0.23866609197164992,0.5811698474721665
0.719433832171875,0.6074069428008952,0.49945518098071595,0.4640558230781826,0.4011745690967975,0.041583216481375085
0.6508586751106583,0.41734093412645296,0.2995655517607255,0.4262156534335933,0.488941738733424,-0.00588879067070891
0.08992671779433375,0.585828236673634,0.5267127404223835,0.45759491109659434,0.7430989522094458,-0.1742188781351627
0.22326582576718268,0.17149953980534466,0.7996204252755277,0.5581597269855266,0.3283921085460574,-0.19930651475941782
0.4174220053691467,0.39579444989692436,0.41479245415830013,0.6337346758033091,0.5027031541531192,-0.7037969463891505
0.4247809667803949,0.3868534737009754,0.5320058120383467,0.5765887611577034,0.6108744790276615,-0.32342366303338843
0.4726531389667622,0.9110437548265089,0.5616901822503406,0.3291831782966026,0.43833386793090273,-0.21621909469739187
0.7417040008834651,0.23101956252560876,0.6883193049552853,0.6540253514312104,0.34108160473514704,0.004932401356361971
0.4295495521995104,0.4014793618488143,0.48205050643003255,0.43326113213029743,0.26014276001005315,-0.7252563578272634
0.5254233455917909,0.4878148297553084,0.5912453816543127,0.34288248391430287,0.4760076012647994,0.365533989365027
0.5036841075736399,0.7805593749240554,0.5342831229972793,0.5364619530000547,0.4413239134202455,-0.27592851683261377
0.4071065511622519,0.4863569659231704,0.5876765378922726,0.23742435901032893,0.37665203837914596,0.190636616708649
0.5203769167246097,0.5431870053983056,0.726205316491745,0.6010144631565245,0.2380879030950569,0.33378482633364304
0.57896356157396,0.3920677801931333,0.5220114103520862,0.4181962626274451,0.3901035385106261,1.1398481350030045
0.5422761891554901,0.3966175341783791,0.8444082437176079,0.3946294632454511,0.5574842097285668,1.1640131611426054
0.5570301585142374,0.4716041847340533,0.6950560516273007,0.31419661377590746,0.0,-0.021028825399749318
0.60418837701959,0.5309490981230809,0.5784190690294584,0.5877584641403272,0.5156050545380031,0.5630192077920362
0.3171971113734425,0.06632203961526856,0.46224203305110395,0.6750321365759008,0.7305069390998755,0.22131692535114517
0.40190551958953724,0.3491936088313008,0.4663406960950722,0.7567831268368996,0.5660244528652987,0.46450435041460225
0.3646315059605782,0.08111473575701794,0.4859738285809194,0.7279012413110528,0.5836769296660309,-0.37177634685679106
0.6563185543564416,0.38171624731098136,0.5444228698562379,0.5762441260910316,0.5190610520473125,0.6546974079189275
0.43399161854144136,0.5292114013858109,0.5367735124662772,0.6107083097262709,0.3899626817995635,-0.22532976397002774
0.5634556941534524,0.6519385943497209,0.43456702579648754,0.46951210833804197,0.24803585541446999,-0.08227356306315209
0.4428716193708132,0.762133783674247,0.7668196539744654,0.4190471655981132,0.3662444622577171,1.1447157103852528
0.5963079319104789,0.5615598227209947,0.5635454044384769,0.7835061468669307,0.4518698875917103,-0.24380162008112172
0.7072875685346673,0.6577125840256128,0.46491912733345525,0.3123473793086676,0.8179979426364417,0.5526620570610984
0.5054307285579474,0.46680559115279163,0.35333165241428005,0.6784656658763764,0.7819610392035539,1.5375665349993513
0.5476233320290593,0.5122394334200873,0.45628832995630925,0.5913195952825876,0.548681936308578,-0.49265332651183263
0.5226872895571636,0.3077784656183001,0.47720538273907825,0.3502849717752403,0.25519888934022406,-1.087155171717215
0.42782316212213695,0.6066480258048055,0.6310889317597455,0.20686727126162352,0.6374685678690917,0.5422822806902281
0.4571895712218981,0.7389047906423085,0.29111083063251586,0.21428523500934937,0.4440123536793366,-0.7241544515278062
0.6917793748543039,0.6338252357291085,0.5203217362091925,0.36135083659873357,0.3337763711053938,0.12385703659506764
0.5284256382698984,0.5282113152882654,0.537381118424141,0.43612261770769917,0.5000668623740051,0.3998777700600472
0.4401371408392768,0.5526707574473205,0.5189928106916283,0.283354372779048,0.5936423698724689,0.6577250339172295
0.4053255183362332,0.46394403127685696,0.2695614320944879,0.43548795087927117,0.5785794734447357,-0.3343870263462179
0.7112104990553292,0.3503850377865461,0.3122964851251434,0.20190740755455527,0.6647401850509178,-1.3719937789247645
0.26788578249264794,0.7508558430247421,0.5386237419409203,0.7622573262975384,0.34763401497320406,0.7949234488965846
0.24730706311405387,0.40749588551591887,0.45337179685079465,0.3623347254483171,0.4289701762925603,-1.9812730656306976
0.6131144140761479,0.37407327081231945,0.5140502828779818,0.5025587174661869,0.3805312240257974,0.1777155106752016
0.3054810741501428,0.472529181078081,0.46182684730280427,0.5471689321897972,0.3342335149391925,0.02728245826241238
0.5367336672532442,0.2068201466815185,0.49664110631366215,0.29517986673169017,0.3591849979771092,-0.7303344696740978
0.2818666442446296,0.18410472771523345,0.5916687507385079,0.6188744537817918,0.3699007530583426,0.3415989628345573
0.3870589575619041,0.2546738765082557,0.35461138328127545,0.6097185968635684,0.26592947372899445,-0.5095973100901452
0.7411883768095724,0.2155302939089,0.5358727133176404,0.8266208314120664,0.4528818489889332,0.14917971028600052
0.4848592003308735,0.4673985806352988,0.46960223792493305,0.3450364151913191,0.3698636334562217,-0.12360998321040956
